Network,Program,Season,Campaign Type,Campaign Custom,Start Year,Start Month,Start Day,End Year,End Month,End Day,Campaign ID,Agency,Publisher,Buy Method,Inventory Type,Package Custom,Package ID,Episode Start,Episode End,Tentpole Details,Tactic,Device,Ad Type,Targeting Type 1,Targeting Type 2,Targeting Type 3,Targeting Type 4,Audience Type,Width,Height,Placement ID,Creative Group,Ad Custom,Ad ID,Creative Network,Creative Program,Creative Season,Creative Message,Creative Theme Custom,Creative Version Number,A/B Test Label,Video Length,Creative Start Month,Creative Start Day,Creative End Month,Creative End Day,Creative Id,Omniture Code
MTV,Wild 'n Out,S09,Tune-In,X,2017,06,26,2017,10,05,MTV_WDNO_S09_TI_X_20170626-20171005,ASG,DBM,Dynamic CPM,Run of Exchange,X,MTV_WDNO_S09_ASG_GDBM_DCI_ROE_X,E11,E11,X,Video,Desktop/Mobile/Tablet,Non-Skippable Video,Behavioral,None,None,None,X,,,MTV_WDNO_S09_E11-E11_ASG_VID_DMT_GDBM_DCI_NSV_ROE_BT-XX-XX-XX_X_X_0626-1005,Sustaining,RickRoss,MTV_WDNO_S09_SUS_GDBM_X_RickRoss,N/A,N/A,N/A,Thursday,RickRoss,01,Not Applicable,15s,08,29,08,30,MTV_WDNO_S09_SUS_TH_RickRoss_01_XX_15s_0829-0830,/?xrs=crm_MTV_WDNO_S09_GDBM
Nick Consumer Marketing,Nick Everyday,N/A,Tune-In,Q3,2017,07,01,2017,09,30,NCM_NEVD_X_TI_Q3_20170701-20170930,ASG,Traction Labs,CPM,Run of Site,Desktop,,,,X,Video,Desktop,Non-Skippable Video,Contextual,Day Parting,None,None,Desktop-15s,,,,Always On,15s,,Nick Consumer Marketing,Welcome to the Wayne,S01,This Week,X,01,Not Applicable,15s,07,20,07,27,NCM_NEVD_X_AON_TW_NCM-WTHW-S01-X_01_XX_15s_0720-0727,
MTV,Teen Mom 2,S08,Tune-In,X,2017,07,13,2017,08,07,MTV_TNM2_S08_TI_X_20170713-20170807,ASG,DBM,Dynamic CPM,Run of Exchange,X,MTV_TNM2_S08_ASG_GDBM_DCI_ROE_X,E01,E04,X,Video,Desktop/Mobile/Tablet,Non-Skippable Video,Behavioral,None,None,None,REVISED,,,MTV_TNM2_S08_E01-E04_ASG_VID_DMT_GDBM_DCI_NSV_ROE_BT-XX-XX-XX_REVISED_X_0713-0807,Sustaining,Native-MC-0721-0807,MTV_TNM2_S08_SUS_GDBM_X_Native-MC-0721-0807,N/A,N/A,N/A,Tonight,X,01,Not Applicable,30s,07,24,08,07,MTV_TNM2_S08_SUS_TN_X_01_XX_30s_0724-0807,/?xrs=crm_MTV_TNM2_S08_GDBM
Nick Apps,Noggin,N/A,App Downloads,X,2017,08,17,2017,08,21,NAP_NOGG_X_AD_X_20170817-20170821,ASG,Snapchat,Dynamic CPM,Run of Site,X,NAP_NOGG_X_ASG_SNPC_DCI_ROS_X,E01,E01,X,Social,Mobile/Tablet,Non-Skippable Video,Behavioral,Demographic,None,None,X,,,NAP_NOGG_X_X_ASG_SOC_MTX_SNPC_DCI_NSV_ROS_BT-DM-XX-XX_X_X_0817-0821,Social Boost,X,NAP_NOGG_X_SLB_SNPC_X_X,N/A,N/A,N/A,Multiple Creative Rotation (tracking pixel),X,01,Not Applicable,10s,08,17,08,21,NAP_NOGG_X_SLB_MC_X_01_XX_10s_0817-0821,/?xid=crm_NAP_NOGG_X_SNPC
Nick Jr,Sunny Day,S01,Tune-In,X,2017,08,11,,08,25,NKJ_SNDY_S01_TI_X_20170811-20170825,ASG,YouTube,Dynamic CPV (Cost per View),Run of Site,CoViewing,NKJ_SNDY_S01_ASG_YTBE_DVW_ROS_CoViewing,E01,E03,X,Video,Desktop/Mobile/Tablet,Skippable Video,Contextual,Conquesting,Behavioral,None,CoViewing,,,NKJ_SNDY_S01_E01-E03_ASG_VID_DMT_YTBE_DVW_SVD_ROS_CT-CQ-BT-XX_CoViewing_X_0811-0825,Pre-Premiere,CoViewing,NKJ_SNDY_S01_PPR_YTBE_X_CoViewing,N/A,N/A,N/A,Multiple Creative Rotation (tracking pixel),CoViewing,01,Not Applicable,30s,01,11,08,21,NKJ_SNDY_S01_PPR_MC_CoViewing_01_XX_30s_0111-0821,/?xid=crm_NKJ_SNDY_S01_YTBE
Nick Publishing,Ad Hoc,N/A,Product,X,2017,08,14,2017,08,18,NKP_ADHC_X_PD_X_20170814-20170818,ASG,Instagram,Dynamic CPC,Run of Site,X,NKP_ADHC_X_ASG_INGM_DCC_ROS_X,,,X,Social,Mobile/Tablet,Static Image,Behavioral,None,None,None,X,1,1,NKP_ADHC_X_X_ASG_SOC_MTX_INGM_DCC_IMG_ROS_BT-XX-XX-XX_X_1x1_0814-0818,Consumer Product,X,NKP_ADHC_X_CRP_INGM_1x1_X,N/A,N/A,N/A,Now,X,01,Not Applicable,,08,14,08,18,NKP_ADHC_X_CRP_NW_X_01_XX_1x1_0814-0818,/?xid=crm_NKP_ADHC_X_INGM
Nick Partner Marketing ,Ad Hoc,N/A,Awareness,X,2017,08,14,2017,09,30,NPM_ADHC_X_AW_X_20170814-20170930,ASG,Pinterest,CPM,Run of Site,X,NPM_ADHC_X_ASG_PNST_CPM_ROS_X,,,X,Social,Desktop/Mobile/Tablet,Static Image,Behavioral,None,None,None,X,1,1,NPM_ADHC_X_X_ASG_SOC_DMT_PNST_CPM_IMG_ROS_BT-XX-XX-XX_X_1x1_0814-0930,Consumer Product,Pedigree,NPM_ADHC_X_CRP_PNST_1x1_Pedigree,N/A,N/A,N/A,,,,,,,,,,,
MTV,VMAs,Tentpole,Tune-In,X,2017,08,14,2017,08,27,MTV_VMAS_TPL_TI_X_20170814-20170827,ASG,YouTube,Dynamic CPV (Cost per View),Run of Site,InStream-VMN1P-Core,MTV_VMAS_TPL_ASG_YTBE_DVW_ROS_InStream-VMN1P-Core,,,X,Video,Desktop/Mobile/Tablet,Skippable Video,Behavioral,None,None,None,VMN1P-YTInterestCore,,,MTV_VMAS_TPL_X_ASG_VID_DMT_YTBE_DVW_SVD_ROS_BT-XX-XX-XX_VMN1P-YTInterestCore_X_0814-0827,Pre-Premiere,PrimetimeReminder,MTV_VMAS_TPL_PPR_YTBE_X_PrimetimeReminder,MTV,VMAs,Tentpole,Tonight,X,01,Not Applicable,15s,08,27,08,27,MTV_VMAS_TPL_PPR_TN_X_01_XX_15s_0827-0827,/?xrs=crm_MTV_VMAS_TPL_YTBE
MTV,VMAs,Tentpole,Tune-In,X,2017,08,14,2017,08,27,MTV_VMAS_TPL_TI_X_20170814-20170827,ASG,Google Search,Dynamic CPC,Run of Site,X,MTV_VMAS_TPL_ASG_GSRC_DCC_ROS_X,,,X,Search,Desktop/Mobile/Tablet,Text Link,Conquesting,None,None,None,X,1,1,MTV_VMAS_TPL_X_ASG_SRC_DMT_GSRC_DCC_TXT_ROS_CQ-XX-XX-XX_X_1x1_0814-0827,Pre-Premiere,X,MTV_VMAS_TPL_PPR_GSRC_1x1_X,MTV,VMAs,Tentpole,Multiple Creative Rotation (tracking pixel),X,01,Not Applicable,,08,14,08,27,MTV_VMAS_TPL_PPR_MC_X_01_XX_1x1_0814-0827,/?xrs=crm_MTV_VMAS_TPL_GSRC
MTV,VMAs,Tentpole,Tune-In,X,2017,08,14,2017,08,27,MTV_VMAS_TPL_TI_X_20170814-20170827,ASG,DBM,Dynamic CPM,Run of Exchange,X,MTV_VMAS_TPL_ASG_GDBM_DCI_ROE_X,,,X,Video,Desktop/Mobile/Tablet,Non-Skippable Video,Behavioral,None,None,None,PerformerA,,,MTV_VMAS_TPL_X_ASG_VID_DMT_GDBM_DCI_NSV_ROE_BT-XX-XX-XX_PerformerA_X_0814-0827,Pre-Premiere,LaundryList,MTV_VMAS_TPL_PPR_GDBM_X_LaundryList,MTV,VMAs,Tentpole,Tomorrow,LaundryList,01,Not Applicable,30s,08,26,08,26,MTV_VMAS_TPL_PPR_TM_LaundryList_01_XX_30s_0826-0826,/?xrs=crm_MTV_VMAS_TPL_GDBM
MTV,VMAs,Tentpole,Tune-In,X,2017,08,14,2017,08,27,MTV_VMAS_TPL_TI_X_20170814-20170827,ASG,YouTube,Dynamic CPM,Run of Site,Bumpers,MTV_VMAS_TPL_ASG_YTBE_DCI_ROS_Bumpers,,,X,Video,Desktop/Mobile/Tablet,Non-Skippable Video,Behavioral,None,None,None,InStream-Retargeting,,,MTV_VMAS_TPL_X_ASG_VID_DMT_YTBE_DCI_NSV_ROS_BT-XX-XX-XX_InStream-Retargeting_X_0814-0827,Pre-Premiere,Bumpers,MTV_VMAS_TPL_PPR_YTBE_X_Bumpers,MTV,VMAs,Tentpole,Day Date Time,X,01,Not Applicable,05s,08,25,08,27,MTV_VMAS_TPL_PPR_DT_X_01_XX_05s_0825-0827,/?xrs=crm_MTV_VMAS_TPL_YTBE
MTV,VMAs,Tentpole,Tune-In,X,2017,08,14,2017,08,27,MTV_VMAS_TPL_TI_X_20170814-20170827,ASG,YouTube,CPM,Run of Site,PrimetimeReminder,MTV_VMAS_TPL_ASG_YTBE_CPM_ROS_PrimetimeReminder,,,X,Video,Desktop/Mobile/Tablet,Non-Skippable Video,Behavioral,None,None,None,YTAffinityandTopic,,,MTV_VMAS_TPL_X_ASG_VID_DMT_YTBE_CPM_NSV_ROS_BT-XX-XX-XX_YTAffinityandTopic_X_0814-0827,Pre-Premiere,Bumpers-InStream-Retargeting,MTV_VMAS_TPL_PPR_YTBE_X_Bumpers-InStream-Retargeting,MTV,VMAs,Tentpole,Multiple Creative Rotation (tracking pixel),EdSheeran,01,Not Applicable,05s,08,25,08,27,MTV_VMAS_TPL_PPR_MC_EdSheeran_01_XX_05s_0825-0827,/?xrs=crm_MTV_VMAS_TPL_YTBE
MTV,VMAs,Tentpole,Tune-In,X,2017,08,14,2017,08,27,MTV_VMAS_TPL_TI_X_20170814-20170827,ASG,Facebook,Dynamic CPV (Cost per View),Run of Site,Interest-PageLikers,MTV_VMAS_TPL_ASG_FCBK_DVW_ROS_Interest-PageLikers,,,X,Social,Desktop/Mobile/Tablet,Skippable Video,Behavioral,Demographic,None,None,Interest-PageLikers,,,MTV_VMAS_TPL_X_ASG_SOC_DMT_FCBK_DVW_SVD_ROS_BT-DM-XX-XX_Interest-PageLikers_X_0814-0827,Pre-Premiere,X,MTV_VMAS_TPL_PPR_FCBK_X_X,MTV,VMAs,Tentpole,Sunday,X,01,Not Applicable,30s,08,23,08,25,MTV_VMAS_TPL_PPR_SU_X_01_XX_30s_0823-0825,/?xrs=crm_MTV_VMAS_TPL_FCBK
MTV,VMAs,Tentpole,Tune-In,X,2017,08,14,2017,08,27,MTV_VMAS_TPL_TI_X_20170814-20170827,ASG,Instagram,Dynamic CPV (Cost per View),Run of Site,Video-Reengagement,MTV_VMAS_TPL_ASG_INGM_DVW_ROS_Video-Reengagement,,,X,Social,Mobile/Tablet,Skippable Video,Behavioral,Demographic,None,None,Video-Reengagement,,,MTV_VMAS_TPL_X_ASG_SOC_MTX_INGM_DVW_SVD_ROS_BT-DM-XX-XX_Video-Reengagement_X_0814-0827,Pre-Premiere,IG-Stories,MTV_VMAS_TPL_PPR_INGM_X_IG-Stories,MTV,VMAs,Tentpole,Multiple Creative Rotation (tracking pixel),30SectoMars,01,Not Applicable,05s,08,23,08,27,MTV_VMAS_TPL_PPR_MC_30SectoMars_01_XX_05s_0823-0827,/?xrs=crm_MTV_VMAS_TPL_INGM
MTV,VMAs,Tentpole,Tune-In,X,2017,08,14,2017,08,27,MTV_VMAS_TPL_TI_X_20170814-20170827,ASG,Facebook,Dynamic CPV (Cost per View),Run of Site,Boosted-Posts,MTV_VMAS_TPL_ASG_FCBK_DVW_ROS_Boosted-Posts,,,X,Social,Desktop/Mobile/Tablet,Skippable Video,Behavioral,Demographic,None,None,Boosted-Posts,,,MTV_VMAS_TPL_X_ASG_SOC_DMT_FCBK_DVW_SVD_ROS_BT-DM-XX-XX_Boosted-Posts_X_0814-0827,Pre-Premiere,X,MTV_VMAS_TPL_PPR_FCBK_X_X,MTV,VMAs,Tentpole,Sunday,X,01,Not Applicable,30s,08,14,08,27,MTV_VMAS_TPL_PPR_SU_X_01_XX_30s_0814-0827,/?xrs=crm_MTV_VMAS_TPL_FCBK
MTV,VMAs,Tentpole,Tune-In,X,2017,08,14,2017,08,27,MTV_VMAS_TPL_TI_X_20170814-20170827,ASG,Facebook,Dynamic CPV (Cost per View),Run of Site,Mid-Roll,MTV_VMAS_TPL_ASG_FCBK_DVW_ROS_Mid-Roll,,,X,Social,Mobile/Tablet,Skippable Video,Behavioral,Demographic,None,None,Mid-Roll,,,MTV_VMAS_TPL_X_ASG_SOC_MTX_FCBK_DVW_SVD_ROS_BT-DM-XX-XX_Mid-Roll_X_0814-0827,Pre-Premiere,X,MTV_VMAS_TPL_PPR_FCBK_X_X,MTV,VMAs,Tentpole,Tonight,X,01,Not Applicable,30s,08,27,08,27,MTV_VMAS_TPL_PPR_TN_X_01_XX_30s_0827-0827,/?xrs=crm_MTV_VMAS_TPL_FCBK
MTV,Undressed,S01,Tune-In,X,2017,08,15,2017,08,16,MTV_UNDS_S01_TI_X_20170815-20170816,ASG,Facebook,Dynamic CPV (Cost per View),Run of Site,X,MTV_UNDS_S01_ASG_FCBK_DVW_ROS_X,E01,E01,X,Video,Desktop/Mobile/Tablet,Non-Skippable Video,Behavioral,Demographic,None,None,X,,,MTV_UNDS_S01_E01-E01_ASG_VID_DMT_FCBK_DVW_NSV_ROS_BT-DM-XX-XX_X_X_0815-0816,Pre-Premiere,X,MTV_UNDS_S01_PPR_FCBK_X_X,N/A,N/A,N/A,Multiple Creative Rotation (tracking pixel),X,01,Not Applicable,45s,08,15,01,16,MTV_UNDS_S01_PPR_MC_X_01_XX_45s_0815-0116,/?xrs=crm_MTV_UNDS_S01_FCBK
MTV,VMAs,Tentpole,Tune-In,X,2017,08,14,2017,08,27,MTV_VMAS_TPL_TI_X_20170814-20170827,ASG,Snapchat,CPM,Takeover,X,MTV_VMAS_TPL_ASG_SNPC_CPM_TKR_X,,,X,Social,Mobile/Tablet,Skippable Video,Behavioral,Demographic,None,None,13-34,,,MTV_VMAS_TPL_X_ASG_SOC_MTX_SNPC_CPM_SVD_TKR_BT-DM-XX-XX_13-34_X_0814-0827,Pre-Premiere,DiscoverRB,MTV_VMAS_TPL_PPR_SNPC_X_DiscoverRB,MTV,VMAs,Tentpole,Tonight,X,01,Not Applicable,30s,08,27,08,01,MTV_VMAS_TPL_PPR_TN_X_01_XX_30s_0827-0801,/?xrs=crm_MTV_VMAS_TPL_SNPC
MTV,VMAs,Tentpole,Tune-In,X,2017,08,14,2017,08,27,MTV_VMAS_TPL_TI_X_20170814-20170827,ASG,Twitter,Dynamic CPE (Cost per Engagement),Run of Site,LiveTweets,MTV_VMAS_TPL_ASG_TWTR_DCE_ROS_LiveTweets,,,X,Social,Desktop/Mobile/Tablet,Social Mix,Conquesting,Behavioral,None,None,LiveTweets,1,1,,Pre-Premiere,LiveTweets,MTV_VMAS_TPL_PPR_TWTR_1x1_LiveTweets,MTV,VMAs,Tentpole,Multiple Creative Rotation (tracking pixel),X,01,Not Applicable,,08,27,08,27,,/?xrs=crm_MTV_VMAS_TPL_TWTR
Velocity,VMAs,Tentpole,Tune-In,TacoBell,2017,08,18,2017,08,27,VCT_VMAS_TPL_TI_TacoBell_20170818-20170827,ASG,Google Search,CPC,Run of Site,TacoBell,VCT_VMAS_TPL_ASG_GSRC_CPC_ROS_TacoBell,,,X,Search,Desktop/Mobile/Tablet,Text Link,None,None,None,None,TacoBell,1,1,VCT_VMAS_TPL_X_ASG_SRC_DMT_GSRC_CPC_TXT_ROS_XX-XX-XX-XX_TacoBell_1x1_0818-0827,Pre-Premiere,TacoBellVote-MC-0818-0827,VCT_VMAS_TPL_PPR_GSRC_1x1_TacoBellVote-MC-0818-0827,MTV,VMAs,Tentpole,Multiple Creative Rotation (tracking pixel),TacoBellVote,01,Not Applicable,,08,18,08,27,VCT_VMAS_TPL_PPR_MC_TacoBellVote_01_XX_1x1_0818-0827,/?xrs=crm_VCT_VMAS_TPL_GSRC
Nick Retail,JoJo at Walmart,N/A,Tune-In,X,2017,08,25,2017,09,30,NKR_JOWM_X_TI_X_20170825-20170930,ASG,Pinterest,CPM,Run of Site,X,NKR_JOWM_X_ASG_PNST_CPM_ROS_X,,,X,Social,Desktop/Mobile/Tablet,Static Image,Behavioral,None,None,None,X,1,1,NKR_JOWM_X_X_ASG_SOC_DMT_PNST_CPM_IMG_ROS_BT-XX-XX-XX_X_1x1_0825-0930,Consumer Product,BodaciousBow,NKR_JOWM_X_CRP_PNST_1x1_BodaciousBow,N/A,N/A,N/A,Multiple Creative Rotation (tracking pixel),BodaciousBow,01,Not Applicable,,08,20,09,30,NKR_JOWM_X_CRP_MC_BodaciousBow_01_XX_1x1_0820-0930,/?xid=crm_NKR_JOWM_X_PNST
MTV,Almost Impossible Game Show,,,,2017,,,2017,,,,ASG,,,,,,,,,,,,,,,,,,,,,,,N/A,N/A,N/A,,,,,,,,,,,
MTV,TRL,S01,Tune-In,Phase1,2017,08,28,2017,08,28,MTV_MTRL_S01_TI_Phase1_20170828-20170828,ASG,Twitter,Dynamic CPV (Cost per View),Run of Site,X,MTV_MTRL_S01_ASG_TWTR_DVW_ROS_X,E01,E01,X,Video,Desktop/Mobile/Tablet,Non-Skippable Video,Behavioral,None,None,None,X,,,MTV_MTRL_S01_E01-E01_ASG_VID_DMT_TWTR_DVW_NSV_ROS_BT-XX-XX-XX_X_X_0828-0828,Pre-Premiere,X,MTV_MTRL_S01_PPR_TWTR_X_X,N/A,N/A,N/A,Day Date Time,X,01,Not Applicable,15s,08,28,08,28,MTV_MTRL_S01_PPR_DT_X_01_XX_15s_0828-0828,/?xrs=crm_MTV_MTRL_S01_TWTR
Nick Consumer Marketing,I Am Frankie,S01,Tune-In,X,2017,08,30,2017,09,15,NCM_IAFK_S01_TI_X_20170830-20170915,ASG,Facebook,Dynamic CPV (Cost per View),Run of Site,X,NCM_IAFK_S01_ASG_FCBK_DVW_ROS_X,E01,E05,X,Video,Desktop/Mobile/Tablet,Non-Skippable Video,Behavioral,None,None,None,X,,,NCM_IAFK_S01_E01-E05_ASG_VID_DMT_FCBK_DVW_NSV_ROS_BT-XX-XX-XX_X_X_0830-0915,Pre-Premiere,X,NCM_IAFK_S01_PPR_FCBK_X_X,N/A,N/A,N/A,Multiple Creative Rotation (tracking pixel),X,01,Not Applicable,30s,09,03,09,14,NCM_IAFK_S01_PPR_MC_X_01_XX_30s_0903-0914,/?xid=crm_NCM_IAFK_S01_FCBK
Nick Consumer Marketing,I Am Frankie,S01,Tune-In,X,2017,08,30,2017,09,15,NCM_IAFK_S01_TI_X_20170830-20170915,ASG,Snapchat,Dynamic CPM,Run of Site,X,NCM_IAFK_S01_ASG_SNPC_DCI_ROS_X,E12,E16,X,Video,Mobile/Tablet,Skippable Video,Behavioral,None,none,none,13-17,,,NCM_IAFK_S01_E12-E16_ASG_VID_MTX_SNPC_DCI_SVD_ROS_BT-XX-XX-XX_13-17_X_0830-0915,Sustaining,X,NCM_IAFK_S01_SUS_SNPC_X_X,N/A,N/A,N/A,Weeknights ,X,01,Not Applicable,10s,09,23,09,30,,/?xid=crm_NCM_IAFK_S01_SNPC
Nick Consumer Marketing,I Am Frankie,S01,Tune-In,X,2017,08,30,2017,09,15,NCM_IAFK_S01_TI_X_20170830-20170915,ASG,Instagram,Dynamic CPV (Cost per View),Run of Site,IGStories,NCM_IAFK_S01_ASG_INGM_DVW_ROS_IGStories,E01,E03,X,Video,Mobile/Tablet,Non-Skippable Video,Behavioral,None,None,none,X,,,NCM_IAFK_S01_E01-E03_ASG_VID_MTX_INGM_DVW_NSV_ROS_BT-XX-XX-XX_X_X_0830-0915,Pre-Premiere,IGStories,NCM_IAFK_S01_PPR_INGM_X_IGStories,N/A,N/A,N/A,OnDemand,IGStories,01,Not Applicable,30s,09,11,01,12,NCM_IAFK_S01_PPR_OD_IGStories_01_XX_30s_0911-0112,/?xid=crm_NCM_IAFK_S01_INGM
Nick Consumer Marketing,I Am Frankie,S01,Tune-In,X,2017,08,30,2017,09,15,NCM_IAFK_S01_TI_X_20170830-20170915,ASG,YouTube,Dynamic CPM,Run of Site,Bumpers,NCM_IAFK_S01_ASG_YTBE_DCI_ROS_Bumpers,E12,E16,X,Video,Desktop/Mobile/Tablet,Non-Skippable Video,Behavioral,None,None,None,Bumpers,,,NCM_IAFK_S01_E12-E16_ASG_VID_DMT_YTBE_DCI_NSV_ROS_BT-XX-XX-XX_Bumpers_X_0830-0915,Sustaining,Bumpers,NCM_IAFK_S01_SUS_YTBE_X_Bumpers,N/A,N/A,N/A,Weeknights ,Bumpers,01,Not Applicable,05s,09,26,09,30,,/?xid=crm_NCM_IAFK_S01_YTBE
MTV,TRL,S01,Social Acquisition,Phase2,2017,08,29,2017,08,29,MTV_MTRL_S01_AC_Phase2_20170829-20170829,ASG,Facebook,Dynamic CPV (Cost per View),Run of Site,X,MTV_MTRL_S01_ASG_FCBK_DVW_ROS_X,E01,E01,X,Social,Desktop/Mobile/Tablet,Non-Skippable Video,Behavioral,None,None,None,X,,,MTV_MTRL_S01_E01-E01_ASG_SOC_DMT_FCBK_DVW_NSV_ROS_BT-XX-XX-XX_X_X_0829-0829,Social Boost,X,MTV_MTRL_S01_SLB_FCBK_X_X,N/A,N/A,N/A,Day Date Time,X,01,Not Applicable,15s,08,29,08,29,MTV_MTRL_S01_SLB_DT_X_01_XX_15s_0829-0829,/?xrs=crm_MTV_MTRL_S01_FCBK
MTV,N/A,N/A,Site Traffic,VMA-TradeVarietyArticle,2017,08,29,2017,08,30,MTV_XXXX_X_ST_VMA-TradeVarietyArticle_20170829-20170830,ASG,Facebook,Dynamic CPC,Run of Site,VMA-TradeVarietyArticle,MTV_XXXX_X_ASG_FCBK_DCC_ROS_VMA-TradeVarietyArticle,E01,E01,X,Social,Desktop/Mobile/Tablet,Custom,Behavioral,None,None,None,VMA-TradeVarietyArticle,1,1,MTV_XXXX_X_X_ASG_SOC_DMT_FCBK_DCC_CTM_ROS_BT-XX-XX-XX_VMA-TradeVarietyArticle_1x1_0829-0830,Social Boost,VMA-TradeVarietyArticle,MTV_XXXX_X_SLB_FCBK_1x1_VMA-TradeVarietyArticle,N/A,N/A,N/A,Multiple Creative Rotation (tracking pixel),VMA-TradeVarietyArticle,01,Not Applicable,,08,29,08,30,MTV_XXXX_X_SLB_MC_VMA-TradeVarietyArticle_01_XX_1x1_0829-0830,/?xrs=crm_MTV_XXXX_X_FCBK
Nick Jr,Rusty Rivets,N/A,Tune-In,X,2017,09,06,2017,09,14,NKJ_RSRV_X_TI_X_20170906-20170914,ASG,Google Search,Dynamic CPC,Run of Site,Parents,NKJ_RSRV_X_ASG_GSRC_DCC_ROS_Parents,E01,E02,X,Search,Desktop/Mobile/Tablet,Text Link,Conquesting,None,None,None,Parents,1,1,NKJ_RSRV_X_X_ASG_SRC_DMT_GSRC_DCC_TXT_ROS_CQ-XX-XX-XX_Parents_1x1_0906-0914,Pre-Premiere,MC-0906-0914,NKJ_RSRV_X_PPR_GSRC_1x1_MC-0906-0914,N/A,N/A,N/A,Multiple Creative Rotation (tracking pixel),X,01,Not Applicable,15s,09,06,09,14,NKJ_RSRV_X_PPR_MC_X_01_XX_1x1_0906-0914,/?xid=crm_NKJ_RSRV_X_GSRC
Nick Consumer Marketing,Welcome to the Wayne,N/A,Tune-In,X,2017,06,19,2017,09,21,NCM_WTHW_X_TI_X_20170619-20170921,ASG,Google Search,Dynamic CPC,Run of Site,X,NCM_WTHW_X_ASG_GSRC_DCC_ROS_X,E01,E01,X,Search,Desktop/Mobile/Tablet,Text Link,Behavioral,None,Behavioral,Behavioral,X,1,1,NCM_WTHW_X_X_ASG_SRC_DMT_GSRC_DCC_TXT_ROS_BT-XX-BT-BT_X_1x1_0619-0921,Pre-Premiere,X,NCM_WTHW_X_PPR_GSRC_1x1_X,Nick Consumer Marketing,I Am Frankie,N/A,This Week,X,01,Not Applicable,,09,05,09,16,NCM_WTHW_X_PPR_TW_X_01_XX_1x1_0905-0916,/?xid=crm_NCM_WTHW_X_GSRC
Nick Consumer Marketing,Nick Everyday,N/A,Tune-In,Q3,2017,07,02,2017,09,30,NCM_NEVD_X_TI_Q3_20170702-20170930,ASG,YouTube,CPM,Run of Site,Bumpers,NCM_NEVD_X_ASG_YTBE_CPM_ROS_Bumpers,,,Bumpers,Video,Desktop/Mobile/Tablet,Non-Skippable Video,Behavioral,Contextual,None,None,X,,,NCM_NEVD_X_Bumpers_ASG_VID_DMT_YTBE_CPM_NSV_ROS_BT-CT-XX-XX_X_X_0702-0930,Always On,Bumpers,NCM_NEVD_X_AON_YTBE_X_Bumpers,Nick Consumer Marketing,I Am Frankie,S01,Weeknights ,X,01,Not Applicable,05s,09,11,09,13,,/?xid=crm_NCM_NEVD_X_YTBE
Nick Consumer Marketing,Nick Everyday,N/A,Tune-In,Q3,2017,07,01,2017,09,30,NCM_NEVD_X_TI_Q3_20170701-20170930,ASG,Battery Pop,CPM,Run of Site,X,NCM_NEVD_X_ASG_BYPP_CPM_ROS_X,,,X,Video,Connected TV,Non-Skippable Video,Contextual,Day Parting,None,None,Gaming,,,NCM_NEVD_X_X_ASG_VID_CXX_BYPP_CPM_NSV_ROS_CT-DP-XX-XX_Gaming_X_0701-0930,Always On,X,NCM_NEVD_X_AON_BYPP_X_X,Nick Consumer Marketing,Welcome to the Wayne,S01,Now,Sept11,01,Not Applicable,30s,09,11,09,13,NCM_NEVD_X_AON_NW_NCM-WTHW-S01-Sept11_01_XX_30s_0911-0913,/?xid=crm_NCM_NEVD_X_BYPP
Nick Consumer Marketing,Henry Danger,S03,Tune-In,X,2017,09,05,2017,09,30,NCM_HYDG_S03_TI_X_20170905-20170930,ASG,Vistar Media,CPM,Run of Exchange,X,NCM_HYDG_S03_ASG_VSTM_CPM_ROE_X,E01,E03,X,Display Banner,Digital Billboard,Digital Out of Home,Geographic,None,None,None,X,1,1,,Pre-Premiere,X,NCM_HYDG_S03_PPR_VSTM_1x1_X,N/A,N/A,N/A,Multiple Creative Rotation (tracking pixel),Chicago,01,Not Applicable,,09,05,09,30,,/?xid=crm_NCM_HYDG_S03_VSTM
Comedy Central,South Park,S21,Tune-In,X,2017,09,11,2017,12,06,CCL_STPK_S21_TI_X_20170911-20171206,ASG,Snapchat,Dynamic CPM,Run of Site,X,CCL_STPK_S21_ASG_SNPC_DCI_ROS_X,E01,E02,X,Social,Mobile/Tablet,Non-Skippable Video,Behavioral,None,None,None,X,,,CCL_STPK_S21_E01-E02_ASG_SOC_MTX_SNPC_DCI_NSV_ROS_BT-XX-XX-XX_X_X_0911-1206,Pre-Premiere,X,CCL_STPK_S21_PPR_SNPC_X_X,N/A,N/A,N/A,Multiple Creative Rotation (tracking pixel),X,01,Not Applicable,10s,09,11,09,20,CCL_STPK_S21_PPR_MC_X_01_XX_10s_0911-0920,/?xrs=crm_CCL_STPK_S21_SNPC
Spike,Bellator,N/A,Ticket Sales,183-TicketSales,2017,09,11,,09,23,SPK_BLTR_X_TX_183-TicketSales_20170911-20170923,ASG,DBM,Dynamic CPM,Run of Exchange,183-TicketSales,SPK_BLTR_X_ASG_GDBM_DCI_ROE_183-TicketSales,E01,E01,X,Display Banner,Mobile,Static Image,Behavioral,None,None,None,183-TicketSales,480,320,SPK_BLTR_X_X_ASG_DIS_MXX_GDBM_DCI_IMG_ROE_BT-XX-XX-XX_183-TicketSales_480x320_0911-0923,Pre-Premiere,183-TicketSales,SPK_BLTR_X_PPR_GDBM_480x320_183-TicketSales,N/A,N/A,N/A,Day Date Time,183-TicketSales,01,Not Applicable,,09,11,09,23,SPK_BLTR_X_PPR_DT_183-TicketSales_01_XX_480x320_0911-0923,/?xrs=crm_SPK_BLTR_X_GDBM
Comedy Central,Broad City,S04,Tune-In,X,2017,09,11,,09,13,CCL_BDCY_S04_TI_X_20170911-20170913,ASG,Snapchat,Dynamic CPM,Run of Site,X,CCL_BDCY_S04_ASG_SNPC_DCI_ROS_X,E01,E01,X,Social,Mobile/Tablet,Non-Skippable Video,Behavioral,None,None,None,X,,,CCL_BDCY_S04_E01-E01_ASG_SOC_MTX_SNPC_DCI_NSV_ROS_BT-XX-XX-XX_X_X_0911-0913,Pre-Premiere,X,CCL_BDCY_S04_PPR_SNPC_X_X,N/A,N/A,N/A,Multiple Creative Rotation (tracking pixel),X,01,Not Applicable,10s,09,11,09,13,CCL_BDCY_S04_PPR_MC_X_01_XX_10s_0911-0913,/?xrs=crm_CCL_BDCY_S04_SNPC
Nick Retail,You Bring the Color,N/A,Product,X,2017,09,11,2017,09,30,NKR_YBTC_X_PD_X_20170911-20170930,ASG,Facebook,CPE (Cost per Engagement),Run of Site,X,NKR_YBTC_X_ASG_FCBK_CPE_ROS_X,,,X,Social,Desktop/Mobile/Tablet,Non-Skippable Video,Behavioral,Demographic,None,None,X,,,NKR_YBTC_X_X_ASG_SOC_DMT_FCBK_CPE_NSV_ROS_BT-DM-XX-XX_X_X_0911-0930,Consumer Product,X,NKR_YBTC_X_CRP_FCBK_X_X,N/A,N/A,N/A,Multiple Creative Rotation (tracking pixel),X,02,Not Applicable,30s,09,11,09,30,NKR_YBTC_X_CRP_MC_X_02_XX_30s_0911-0930,/?xid=crm_NKR_YBTC_X_FCBK
Comedy Central,South Park,S21,Tune-In,X,2017,09,11,2017,12,07,CCL_STPK_S21_TI_X_20170911-20171207,ASG,DBM,Dynamic CPM,Run of Exchange,Display,CCL_STPK_S21_ASG_GDBM_DCI_ROE_Display,E01,E10,X,Display Banner,Desktop/Mobile/Tablet,Static Image,Behavioral,None,None,None,VMN1P-YTRemarketing,300,250,CCL_STPK_S21_E01-E10_ASG_DIS_DMT_GDBM_DCI_IMG_ROE_BT-XX-XX-XX_VMN1P-YTRemarketing_300x250_0911-1207,Pre-Premiere,X,CCL_STPK_S21_PPR_GDBM_300x250_X,Comedy Central,South Park,S21,Day Date Time,X,01,Not Applicable,,09,11,09,12,CCL_STPK_S21_PPR_DT_X_01_XX_300x250_0911-0912,/?xrs=crm_CCL_STPK_S21_GDBM
Comedy Central,South Park,S21,Tune-In,X,2017,09,11,2017,12,07,CCL_STPK_S21_TI_X_20170911-20171207,ASG,DBM,Dynamic CPM,Run of Exchange,Display,CCL_STPK_S21_ASG_GDBM_DCI_ROE_Display,E01,E10,X,Display Banner,Desktop/Mobile/Tablet/ConnectedTV,Responsive Static Image,Behavioral,None,None,None,X,1024,768,CCL_STPK_S21_E01-E10_ASG_DIS_ALL_GDBM_DCI_RSI_ROE_BT-XX-XX-XX_X_1024x768_0911-1207,Pre-Premiere,X,CCL_STPK_S21_PPR_GDBM_1024x768_X,N/A,N/A,N/A,Day Date Time,X,01,Not Applicable,,09,11,09,12,CCL_STPK_S21_PPR_DT_X_01_XX_1024x768_0911-0912,/?xrs=crm_CCL_STPK_S21_GDBM
Comedy Central,South Park,S21,Tune-In,X,2017,09,11,2017,12,07,CCL_STPK_S21_TI_X_20170911-20171207,ASG,DBM,Dynamic CPM,Run of Exchange,Video,CCL_STPK_S21_ASG_GDBM_DCI_ROE_Video,E01,E10,X,Video,Desktop/Mobile/Tablet,Non-Skippable Video,Behavioral,None,None,None,VMN1P-YTRemarketing,,,CCL_STPK_S21_E01-E10_ASG_VID_DMT_GDBM_DCI_NSV_ROE_BT-XX-XX-XX_VMN1P-YTRemarketing_X_0911-1207,Pre-Premiere,X,CCL_STPK_S21_PPR_GDBM_X_X,N/A,N/A,N/A,Day Date Time,X,01,Not Applicable,15s,09,11,09,12,CCL_STPK_S21_PPR_DT_X_01_XX_15s_0911-0912,/?xrs=crm_CCL_STPK_S21_GDBM
Nick Retail,Shimmer and Shine at Walmart,N/A,Product,X,2017,09,12,2017,09,30,NKR_SSWM_X_PD_X_20170912-20170930,ASG,Pinterest,Dynamic CPC,Run of Site,X,NKR_SSWM_X_ASG_PNST_DCC_ROS_X,,,X,Social,Desktop/Mobile/Tablet,Static Image,Behavioral,None,None,None,X,1,1,NKR_SSWM_X_X_ASG_SOC_DMT_PNST_DCC_IMG_ROS_BT-XX-XX-XX_X_1x1_0912-0930,Consumer Product,X,NKR_SSWM_X_CRP_PNST_1x1_X,N/A,N/A,N/A,Multiple Creative Rotation (tracking pixel),Backpack,01,Not Applicable,,09,15,09,30,NKR_SSWM_X_CRP_MC_Backpack_01_XX_1x1_0915-0930,/?xid=crm_NKR_SSWM_X_PNST
MTV,Are You The One,S06,Tune-In,X,2017,09,14,2017,09,20,MTV_AYTO_S06_TI_X_20170914-20170920,ASG,YouTube,Dynamic CPV (Cost per View),Run of Site,X,MTV_AYTO_S06_ASG_YTBE_DVW_ROS_X,E01,E02,X,Video,Desktop/Mobile/Tablet,Non-Skippable Video,Behavioral,None,None,None,VMN1P-YTRemarketing,,,MTV_AYTO_S06_E01-E02_ASG_VID_DMT_YTBE_DVW_NSV_ROS_BT-XX-XX-XX_VMN1P-YTRemarketing_X_0914-0920,Pre-Premiere,TrueView,MTV_AYTO_S06_PPR_YTBE_X_TrueView,N/A,N/A,N/A,Tonight,X,01,Not Applicable,30s,09,17,09,18,MTV_AYTO_S06_PPR_TN_X_01_XX_30s_0917-0918,/?xrs=crm_MTV_AYTO_S06_YTBE
Nick Retail,Shimmer and Shine at Walmart,N/A,Product,X,2017,09,12,2017,09,30,NKR_SSWM_X_PD_X_20170912-20170930,ASG,Gemini,Dynamic CPC,Run of Exchange,X,NKR_SSWM_X_ASG_GMNI_DCC_ROE_X,,,X,Display Banner,Desktop/Mobile/Tablet,Static Image,Behavioral,Demographic,None,None,X,1,1,NKR_SSWM_X_X_ASG_DIS_DMT_GMNI_DCC_IMG_ROE_BT-DM-XX-XX_X_1x1_0912-0930,Consumer Product,X,NKR_SSWM_X_CRP_GMNI_1x1_X,N/A,N/A,N/A,Multiple Creative Rotation (tracking pixel),32,01,Not Applicable,,09,12,09,17,NKR_SSWM_X_CRP_MC_32_01_XX_1x1_0912-0917,/?xid=crm_NKR_SSWM_X_GMNI
TV Land,Lopez,N/A,Awareness,X,2017,09,12,2017,09,12,TVL_LOPZ_X_AW_X_20170912-20170912,ASG,Facebook,Dynamic CPV (Cost per View),Run of Site,X,TVL_LOPZ_X_ASG_FCBK_DVW_ROS_X,,,X,Social,Desktop/Mobile/Tablet,Responsive Static Image,Behavioral,None,None,None,X,1,1,TVL_LOPZ_X_X_ASG_SOC_DMT_FCBK_DVW_RSI_ROS_BT-XX-XX-XX_X_1x1_0912-0912,Social Boost,X,TVL_LOPZ_X_SLB_FCBK_1x1_X,N/A,N/A,N/A,Multiple Creative Rotation (tracking pixel),X,01,Not Applicable,15s,09,12,09,12,TVL_LOPZ_X_SLB_MC_X_01_XX_1x1_0912-0912,/?xrs=crm_TVL_LOPZ_X_FCBK
Comedy Central,Jim Jefferies Show,S01,Tune-In,X,2017,09,18,2017,09,26,CCL_JJFS_S01_TI_X_20170918-20170926,ASG,DBM,Dynamic CPM,Run of Exchange,X,CCL_JJFS_S01_ASG_GDBM_DCI_ROE_X,E01,E02,X,Video,Desktop/Mobile/Tablet,Non-Skippable Video,Behavioral,None,None,None,X,,,CCL_JJFS_S01_E01-E02_ASG_VID_DMT_GDBM_DCI_NSV_ROE_BT-XX-XX-XX_X_X_0918-0926,Pre-Premiere,X,CCL_JJFS_S01_PPR_GDBM_X_X,N/A,N/A,N/A,Tuesday,X,01,Not Applicable,15s,09,18,09,18,CCL_JJFS_S01_PPR_TU_X_01_XX_15s_0918-0918,/?xrs=crm_CCL_JJFS_S01_GDBM
Comedy Central,Tosh.O,S9C,Tune-In,X,2017,09,18,,09,26,CCL_TOSH_S9C_TI_X_20170918-20170926,ASG,DBM,Dynamic CPM,Run of Exchange,Display,CCL_TOSH_S9C_ASG_GDBM_DCI_ROE_Display,E01,E02,X,Display Banner,Desktop/Mobile/Tablet,Static Image,Behavioral,None,None,None,X,300,600,CCL_TOSH_S9C_E01-E02_ASG_DIS_DMT_GDBM_DCI_IMG_ROE_BT-XX-XX-XX_X_300x600_0918-0926,Pre-Premiere,X,CCL_TOSH_S9C_PPR_GDBM_300x600_X,N/A,N/A,N/A,Tuesday,X,01,Not Applicable,15s,09,18,09,18,CCL_TOSH_S9C_PPR_TU_X_01_XX_300x600_0918-0918,/?xrs=crm_CCL_TOSH_S9C_GDBM
Nick Franchise,Spongebob Squarepants,N/A,Tune-In,YBTC-Social-Incremental,2017,09,12,,09,27,NKF_SPSQ_X_TI_YBTC-Social-Incremental_20170912-20170927,ASG,Pinterest,Dynamic CPC,Run of Site,X,NKF_SPSQ_X_ASG_PNST_DCC_ROS_X,,,X,Social,Desktop/Mobile/Tablet,Static Image,Contextual,None,None,None,X,1,1,NKF_SPSQ_X_X_ASG_SOC_DMT_PNST_DCC_IMG_ROS_CT-XX-XX-XX_X_1x1_0912-0927,Social Boost,X,NKF_SPSQ_X_SLB_PNST_1x1_X,N/A,N/A,N/A,Now,X,01,Not Applicable,,09,12,09,25,NKF_SPSQ_X_SLB_NW_X_01_XX_1x1_0912-0925,/?xid=crm_NKF_SPSQ_X_PNST
VH1,Hip Hop Honors ,Tentpole,Social Acquisition,X,2017,09,16,2017,09,18,VH1_HPHH_TPL_AC_X_20170916-20170918,ASG,DBM,Dynamic CPM,Run of Exchange,X,VH1_HPHH_TPL_ASG_GDBM_DCI_ROE_X,,,2017,Video,Desktop/Mobile/Tablet,Non-Skippable Video,Behavioral,None,None,None,X,,,VH1_HPHH_TPL_2017_ASG_VID_DMT_GDBM_DCI_NSV_ROE_BT-XX-XX-XX_X_X_0916-0918,Pre-Premiere,X,VH1_HPHH_TPL_PPR_GDBM_X_X,N/A,N/A,N/A,Monday,X,01,Not Applicable,30s,09,16,09,16,VH1_HPHH_TPL_PPR_MO_X_01_XX_30s_0916-0916,/?xrs=crm_VH1_HPHH_TPL_GDBM
VH1,Hip Hop Honors ,Tentpole,Tune-In,X,2017,09,17,2017,09,18,VH1_HPHH_TPL_TI_X_20170917-20170918,ASG,YouTube,Dynamic CPV (Cost per View),Run of Site,InStream,VH1_HPHH_TPL_ASG_YTBE_DVW_ROS_InStream,,,2017,Video,Desktop/Mobile/Tablet,Skippable Video,Behavioral,None,None,None,Instream,,,VH1_HPHH_TPL_2017_ASG_VID_DMT_YTBE_DVW_SVD_ROS_BT-XX-XX-XX_Instream_X_0917-0918,Pre-Premiere,InStream,VH1_HPHH_TPL_PPR_YTBE_X_InStream,N/A,N/A,N/A,Multiple Creative Rotation (tracking pixel),X,01,Not Applicable,30s,09,16,09,18,VH1_HPHH_TPL_PPR_MC_X_01_XX_30s_0916-0918,/?xrs=crm_VH1_HPHH_TPL_YTBE
VH1,Hip Hop Honors ,Tentpole,Tune-In,X,2017,09,17,2017,09,18,VH1_HPHH_TPL_TI_X_20170917-20170918,ASG,Instagram,Dynamic CPV (Cost per View),Run of Site,X,VH1_HPHH_TPL_ASG_INGM_DVW_ROS_X,,,2017,Social,Desktop/Mobile/Tablet,Non-Skippable Video,Behavioral,None,None,None,X,,,VH1_HPHH_TPL_2017_ASG_SOC_DMT_INGM_DVW_NSV_ROS_BT-XX-XX-XX_X_X_0917-0918,Pre-Premiere,X,VH1_HPHH_TPL_PPR_INGM_X_X,N/A,N/A,N/A,Multiple Creative Rotation (tracking pixel),X,01,Not Applicable,30s,09,16,09,18,VH1_HPHH_TPL_PPR_MC_X_01_XX_30s_0916-0918,/?xrs=crm_VH1_HPHH_TPL_INGM
VH1,Hip Hop Honors ,Tentpole,Tune-In,X,2017,09,17,2017,09,18,VH1_HPHH_TPL_TI_X_20170917-20170918,ASG,Twitter,Dynamic CPV (Cost per View),Run of Site,X,VH1_HPHH_TPL_ASG_TWTR_DVW_ROS_X,,,2017,Social,Desktop/Mobile/Tablet,Non-Skippable Video,Behavioral,None,None,None,X,,,VH1_HPHH_TPL_2017_ASG_SOC_DMT_TWTR_DVW_NSV_ROS_BT-XX-XX-XX_X_X_0917-0918,Pre-Premiere,X,VH1_HPHH_TPL_PPR_TWTR_X_X,N/A,N/A,N/A,Multiple Creative Rotation (tracking pixel),X,01,Not Applicable,30s,09,17,09,18,VH1_HPHH_TPL_PPR_MC_X_01_XX_30s_0917-0918,/?xrs=crm_VH1_HPHH_TPL_TWTR
VH1,Hip Hop Honors ,Tentpole,Tune-In,X,2017,09,17,2017,09,18,VH1_HPHH_TPL_TI_X_20170917-20170918,ASG,YouTube,Dynamic CPM,Run of Site,Bumpers,VH1_HPHH_TPL_ASG_YTBE_DCI_ROS_Bumpers,,,2017,Video,Desktop/Mobile/Tablet,Non-Skippable Video,Behavioral,None,None,None,Bumpers,,,VH1_HPHH_TPL_2017_ASG_VID_DMT_YTBE_DCI_NSV_ROS_BT-XX-XX-XX_Bumpers_X_0917-0918,Pre-Premiere,Bumpers,VH1_HPHH_TPL_PPR_YTBE_X_Bumpers,N/A,N/A,N/A,Multiple Creative Rotation (tracking pixel),X,01,Not Applicable,05s,09,18,09,18,VH1_HPHH_TPL_PPR_MC_X_01_XX_05s_0918-0918,/?xrs=crm_VH1_HPHH_TPL_YTBE
Comedy Central,,,,,2017,,,2017,,,,ASG,,,,,,,,,,,,,,,,,,,,,,,N/A,N/A,N/A,,,,,,,,,,,
BET,Janet Jackson Sweepstakes,N/A,Awareness,X,2017,09,15,2017,09,30,BET_JJSW_X_AW_X_20170915-20170930,ASG,,,,,,,,,,,,,,,,,,,,,,,N/A,N/A,N/A,Now,X,01,Not Applicable,,,,,,,
Nick Consumer Marketing,Lemoncello,N/A,Tune-In,X,2017,09,25,2017,10,09,NCM_LMCL_X_TI_X_20170925-20171009,ASG,Playwire,CPM,Run of Site,FunBrain,NCM_LMCL_X_ASG_PLWR_CPM_ROS_FunBrain,E01,E01,X,Display Banner,Desktop,Static Image,Contextual,Day Parting,None,None,X,728,90,NCM_LMCL_X_X_ASG_DIS_DXX_PLWR_CPM_IMG_ROS_CT-DP-XX-XX_X_728x90_0925-1009,Pre-Premiere,X,NCM_LMCL_X_PPR_PLWR_728x90_X,N/A,N/A,N/A,Wednesday,X,01,Not Applicable,,09,25,10,02,NCM_LMCL_X_PPR_WE_X_01_XX_728x90_0925-1002,/?xid=crm_NCM_LMCL_X_PLWR
Comedy Central,The Opposition with Jordan Klepper,S01,Tune-In,X,2017,09,22,2017,09,28,CCL_TOJK_S01_TI_X_20170922-20170928,ASG,DBM,Dynamic CPM,Run of Exchange,Display,CCL_TOJK_S01_ASG_GDBM_DCI_ROE_Display,E01,E04,X,Display Banner,Desktop/Mobile/Tablet,Static Image,Behavioral,None,None,None,X,300,250,CCL_TOJK_S01_E01-E04_ASG_DIS_DMT_GDBM_DCI_IMG_ROE_BT-XX-XX-XX_X_300x250_0922-0928,Sustaining,X,CCL_TOJK_S01_SUS_GDBM_300x250_X,N/A,N/A,N/A,Weeknights ,X,01,Not Applicable,,09,26,09,28,,/?xrs=crm_CCL_TOJK_S01_GDBM
Comedy Central,The Opposition with Jordan Klepper,S01,Tune-In,X,2017,09,22,2017,09,28,CCL_TOJK_S01_TI_X_20170922-20170928,ASG,DBM,Dynamic CPM,Run of Exchange,Video,CCL_TOJK_S01_ASG_GDBM_DCI_ROE_Video,E01,E04,X,Video,Desktop/Mobile/Tablet,Non-Skippable Video,Behavioral,None,None,None,X,,,CCL_TOJK_S01_E01-E04_ASG_VID_DMT_GDBM_DCI_NSV_ROE_BT-XX-XX-XX_X_X_0922-0928,Sustaining,X,CCL_TOJK_S01_SUS_GDBM_X_X,N/A,N/A,N/A,Weeknights ,X,01,Not Applicable,30s,09,26,09,28,,/?xrs=crm_CCL_TOJK_S01_GDBM
Comedy Central,The Opposition with Jordan Klepper,S01,Tune-In,X,2017,09,22,2017,09,28,CCL_TOJK_S01_TI_X_20170922-20170928,ASG,BrightRoll,Dynamic CPV (Cost per View),Run of Exchange,X,CCL_TOJK_S01_ASG_BRRL_DVW_ROE_X,E01,E04,X,Video,Desktop/Mobile/Tablet,Non-Skippable Video,Behavioral,None,None,None,X,,,CCL_TOJK_S01_E01-E04_ASG_VID_DMT_BRRL_DVW_NSV_ROE_BT-XX-XX-XX_X_X_0922-0928,Pre-Premiere,X,CCL_TOJK_S01_PPR_BRRL_X_X,N/A,N/A,N/A,Day Date Time,X,01,Not Applicable,15s,09,22,09,24,CCL_TOJK_S01_PPR_DT_X_01_XX_15s_0922-0924,/?xrs=crm_CCL_TOJK_S01_BRRL
MTV,Teen Mom 2,S08,Tune-In,Special,2017,09,20,2017,09,20,MTV_TNM2_S08_TI_Special_20170920-20170920,ASG,YouTube,Dynamic CPM,Run of Site,Bumpers-Special,MTV_TNM2_S08_ASG_YTBE_DCI_ROS_Bumpers-Special,E12,E12,X,Video,Desktop/Mobile/Tablet,Non-Skippable Video,Behavioral,None,None,None,Bumpers-Special,,,MTV_TNM2_S08_E12-E12_ASG_VID_DMT_YTBE_DCI_NSV_ROS_BT-XX-XX-XX_Bumpers-Special_X_0920-0920,Sustaining,Bumpers-Special,MTV_TNM2_S08_SUS_YTBE_X_Bumpers-Special,N/A,N/A,N/A,Tonight,Special,01,Not Applicable,05s,09,20,09,20,MTV_TNM2_S08_SUS_TN_Special_01_XX_05s_0920-0920,/?xrs=crm_MTV_TNM2_S08_YTBE
Spike,Shannara,S02,Tune-In,X,2017,09,24,2017,09,30,SPK_SNRA_S02_TI_X_20170924-20170930,ASG,Altice,Dynamic CPM,Run of Exchange,Video,SPK_SNRA_S02_ASG_ALCE_DCI_ROE_Video,E01,E01,X,Video,Desktop/Mobile/Tablet,Non-Skippable Video,Behavioral,None,None,None,X,,,SPK_SNRA_S02_E01-E01_ASG_VID_DMT_ALCE_DCI_NSV_ROE_BT-XX-XX-XX_X_X_0924-0930,Pre-Premiere,Video,SPK_SNRA_S02_PPR_ALCE_X_Video,N/A,N/A,N/A,Day Date Time,X,01,Not Applicable,30s,09,24,09,30,SPK_SNRA_S02_PPR_DT_X_01_XX_30s_0924-0930,/?xrs=crm_SPK_SNRA_S02_ALCE
Comedy Central,Nathan For You,S04,Tune-In,X,2017,09,27,2017,09,28,CCL_NAFY_S04_TI_X_20170927-20170928,ASG,DBM,Dynamic CPM,Run of Exchange,Display,CCL_NAFY_S04_ASG_GDBM_DCI_ROE_Display,E01,E01,X,Display Banner,Desktop/Mobile/Tablet,Static Image,Behavioral,None,None,None,VMN1P-YTRemarketing-Keywords,300,250,CCL_NAFY_S04_E01-E01_ASG_DIS_DMT_GDBM_DCI_IMG_ROE_BT-XX-XX-XX_VMN1P-YTRemarketing-Keywords_300x250_0927-0928,Pre-Premiere,X,CCL_NAFY_S04_PPR_GDBM_300x250_X,N/A,N/A,N/A,Thursday,X,01,Not Applicable,,09,27,09,27,CCL_NAFY_S04_PPR_TH_X_01_XX_300x250_0927-0927,/?xrs=crm_CCL_NAFY_S04_GDBM
Comedy Central,Nathan For You,S04,Tune-In,X,2017,09,27,2017,09,28,CCL_NAFY_S04_TI_X_20170927-20170928,ASG,DBM,Dynamic CPM,Run of Exchange,Display,CCL_NAFY_S04_ASG_GDBM_DCI_ROE_Display,E01,E01,X,Display Banner,Mobile,Responsive Static Image,Behavioral,None,None,None,VMN1P-YTRemarketing-Keywords,480,320,CCL_NAFY_S04_E01-E01_ASG_DIS_MXX_GDBM_DCI_RSI_ROE_BT-XX-XX-XX_VMN1P-YTRemarketing-Keywords_480x320_0927-0928,Pre-Premiere,X,CCL_NAFY_S04_PPR_GDBM_480x320_X,N/A,N/A,N/A,Thursday,X,01,Not Applicable,,09,27,09,27,CCL_NAFY_S04_PPR_TH_X_01_XX_480x320_0927-0927,/?xrs=crm_CCL_NAFY_S04_GDBM
Comedy Central,Nathan For You,S04,Tune-In,X,2017,09,27,2017,09,28,CCL_NAFY_S04_TI_X_20170927-20170928,ASG,DBM,Dynamic CPM,Run of Exchange,Video,CCL_NAFY_S04_ASG_GDBM_DCI_ROE_Video,E01,E01,X,Video,Desktop/Mobile/Tablet,Skippable Video,Behavioral,None,None,None,VMN1P-YTRemarketing-Keywords,,,CCL_NAFY_S04_E01-E01_ASG_VID_DMT_GDBM_DCI_SVD_ROE_BT-XX-XX-XX_VMN1P-YTRemarketing-Keywords_X_0927-0928,Pre-Premiere,X,CCL_NAFY_S04_PPR_GDBM_X_X,N/A,N/A,N/A,Thursday,X,01,Not Applicable,15s,09,27,09,27,CCL_NAFY_S04_PPR_TH_X_01_XX_15s_0927-0927,/?xrs=crm_CCL_NAFY_S04_GDBM
Comedy Central,Nathan For You,S04,Tune-In,X,2017,09,27,2017,09,28,CCL_NAFY_S04_TI_X_20170927-20170928,ASG,Twitter,Dynamic CPE (Cost per Engagement),Run of Site,X,CCL_NAFY_S04_ASG_TWTR_DCE_ROS_X,E01,E01,X,Social,Desktop/Mobile/Tablet,Social Mix,Behavioral,None,None,None,Hashtags-Keywords-Handles,1,1,,Pre-Premiere,X,CCL_NAFY_S04_PPR_TWTR_1x1_X,N/A,N/A,N/A,Thursday,X,01,Not Applicable,15s,09,27,09,27,,/?xrs=crm_CCL_NAFY_S04_TWTR
MTV,TRL,S01,Tune-In,X,2017,09,26,2017,10,02,MTV_MTRL_S01_TI_X_20170926-20171002,ASG,Google Search,Dynamic CPC,Run of Site,X,MTV_MTRL_S01_ASG_GSRC_DCC_ROS_X,E01,E01,X,Search,Desktop/Mobile/Tablet,Text Link,Conquesting,None,None,None,X,1,1,MTV_MTRL_S01_E01-E01_ASG_SRC_DMT_GSRC_DCC_TXT_ROS_CQ-XX-XX-XX_X_1x1_0926-1002,Pre-Premiere,X,MTV_MTRL_S01_PPR_GSRC_1x1_X,N/A,N/A,N/A,Multiple Creative Rotation (tracking pixel),X,01,Not Applicable,10s,09,26,10,02,MTV_MTRL_S01_PPR_MC_X_01_XX_1x1_0926-1002,/?xrs=crm_MTV_MTRL_S01_GSRC
Nick Apps,Traffic Driving,N/A,Site Traffic,EndOfFiscal,2017,09,25,2017,09,30,NAP_TFFD_X_ST_EndOfFiscal_20170925-20170930,ASG,Facebook,Dynamic CPE (Cost per Engagement),Run of Site,X,NAP_TFFD_X_ASG_FCBK_DCE_ROS_X,,,X,Social,Desktop/Mobile/Tablet,Static Image,Behavioral,Contextual,None,None,X,1,1,NAP_TFFD_X_X_ASG_SOC_DMT_FCBK_DCE_IMG_ROS_BT-CT-XX-XX_X_1x1_0925-0930,Social Boost,X,NAP_TFFD_X_SLB_FCBK_1x1_X,N/A,N/A,N/A,Multiple Creative Rotation (tracking pixel),IAmFrankie,01,Not Applicable,,09,27,09,30,NAP_TFFD_X_SLB_MC_IAmFrankie_01_XX_1x1_0927-0930,/?xid=crm_NAP_TFFD_X_FCBK
Nick Apps,Traffic Driving,N/A,Site Traffic,EndOfFiscal,2017,09,25,2017,09,30,NAP_TFFD_X_ST_EndOfFiscal_20170925-20170930,ASG,Google Search,Dynamic CPC,Run of Site,X,NAP_TFFD_X_ASG_GSRC_DCC_ROS_X,,,X,Search,Desktop/Mobile/Tablet,Text Link,Behavioral,Contextual,None,None,X,1,1,NAP_TFFD_X_X_ASG_SRC_DMT_GSRC_DCC_TXT_ROS_BT-CT-XX-XX_X_1x1_0925-0930,Social Boost,HenryDanger,NAP_TFFD_X_SLB_GSRC_1x1_HenryDanger,N/A,N/A,N/A,Multiple Creative Rotation (tracking pixel),HenryDanger,01,Not Applicable,,09,25,09,30,NAP_TFFD_X_SLB_MC_HenryDanger_01_XX_1x1_0925-0930,/?xid=crm_NAP_TFFD_X_GSRC
Spike,Bellator,N/A,Ticket Sales,LA-TicketSales,2017,09,27,2017,09,30,SPK_BLTR_X_TX_LA-TicketSales_20170927-20170930,ASG,Google Search,Dynamic CPC,Run of Site,x,SPK_BLTR_X_ASG_GSRC_DCC_ROS_x,,,X,Search,Desktop/Mobile/Tablet,Text Link,Behavioral,None,None,None,X,1,1,SPK_BLTR_X_X_ASG_SRC_DMT_GSRC_DCC_TXT_ROS_BT-XX-XX-XX_X_1x1_0927-0930,Pre-Premiere,LA-TicketSales,SPK_BLTR_X_PPR_GSRC_1x1_LA-TicketSales,N/A,N/A,N/A,Monday,X,01,Not Applicable,,09,27,09,30,SPK_BLTR_X_PPR_MO_X_01_XX_1x1_0927-0930,/?xrs=crm_SPK_BLTR_X_GSRC
MTV,TRL,S01,Tune-In,X,2017,09,26,2017,10,02,MTV_MTRL_S01_TI_X_20170926-20171002,ASG,FullScreen,CPM,Run of Site,X,MTV_MTRL_S01_ASG_FSCN_CPM_ROS_X,E01,E01,X,Video,Desktop/Mobile/Tablet,Non-Skippable Video,Contextual,Day Parting,None,None,X,,,MTV_MTRL_S01_E01-E01_ASG_VID_DMT_FSCN_CPM_NSV_ROS_CT-DP-XX-XX_X_X_0926-1002,Pre-Premiere,X,MTV_MTRL_S01_PPR_FSCN_X_X,N/A,N/A,N/A,Day Date Time,X,01,Not Applicable,15s,09,26,10,02,MTV_MTRL_S01_PPR_DT_X_01_XX_15s_0926-1002,/?xrs=crm_MTV_MTRL_S01_FSCN
MTV,TRL,S01,Tune-In,X,2017,10,03,2017,10,06,MTV_MTRL_S01_TI_X_20171003-20171006,ASG,Snapchat,CPM,Run of Site,X,MTV_MTRL_S01_ASG_SNPC_CPM_ROS_X,E02,E05,X,Social,Mobile/Tablet,Social Mix,Behavioral,Demographic,Day Parting,None,X,1,1,,Sustaining,X,MTV_MTRL_S01_SUS_SNPC_1x1_X,N/A,N/A,N/A,Multiple Creative Rotation (tracking pixel),X,01,Not Applicable,,10,03,10,06,,/?xrs=crm_MTV_MTRL_S01_SNPC
Nick Consumer Marketing,Nick Everyday,N/A,Tune-In,Q4,2017,10,01,,12,31,NCM_NEVD_X_TI_Q4_20171001-20171231,ASG,Roblox,CPM,Run of Site,X,NCM_NEVD_X_ASG_RBLX_CPM_ROS_X,,,X,Video,Desktop,Non-Skippable Video,Contextual,Day Parting,None,None,Gaming,,,NCM_NEVD_X_X_ASG_VID_DXX_RBLX_CPM_NSV_ROS_CT-DP-XX-XX_Gaming_X_1001-1231,Always On,X,NCM_NEVD_X_AON_RBLX_X_X,Nick Consumer Marketing,Lemoncello,N/A,Coming Soon,X,01,Not Applicable,15s,10,01,10,02,NCM_NEVD_X_AON_CS_NCM-LMCL-X-X_01_XX_15s_1001-1002,/?xid=crm_NCM_NEVD_X_RBLX
Nick Consumer Marketing,Nick Everyday,N/A,Tune-In,Q4,2017,10,01,,12,31,NCM_NEVD_X_TI_Q4_20171001-20171231,ASG,Vungle,CPM,Run of Site,X,NCM_NEVD_X_ASG_VNGL_CPM_ROS_X,,,X,Video,Mobile/Tablet,Non-Skippable Video,Contextual,Day Parting,None,None,Gaming,,,NCM_NEVD_X_X_ASG_VID_MTX_VNGL_CPM_NSV_ROS_CT-DP-XX-XX_Gaming_X_1001-1231,Always On,X,NCM_NEVD_X_AON_VNGL_X_X,Nick Consumer Marketing,I Am Frankie,S01,Coming Soon,Finale,01,Not Applicable,15s,10,01,10,04,NCM_NEVD_X_AON_CS_NCM-IAFK-S01-Finale_01_XX_15s_1001-1004,/?xid=crm_NCM_NEVD_X_VNGL
Nick Consumer Marketing,Nick Everyday,N/A,Tune-In,Q4,2017,10,01,,12,31,NCM_NEVD_X_TI_Q4_20171001-20171231,ASG,EA Games,CPM,Run of Site,X,NCM_NEVD_X_ASG_EAGM_CPM_ROS_X,,,X,Video,Desktop,Non-Skippable Video,Contextual,Day Parting,None,None,Gaming,,,NCM_NEVD_X_X_ASG_VID_DXX_EAGM_CPM_NSV_ROS_CT-DP-XX-XX_Gaming_X_1001-1231,Always On,X,NCM_NEVD_X_AON_EAGM_X_X,Nick Consumer Marketing,Lemoncello,N/A,Coming Soon,X,01,Not Applicable,15s,10,01,10,02,NCM_NEVD_X_AON_CS_NCM-LMCL-X-X_01_XX_15s_1001-1002,/?xid=crm_NCM_NEVD_X_EAGM
Nick Consumer Marketing,Nick Everyday,N/A,Tune-In,Q4,2017,10,01,,12,31,NCM_NEVD_X_TI_Q4_20171001-20171231,ASG,Playwire,CPM,Run of Site,X,NCM_NEVD_X_ASG_PLWR_CPM_ROS_X,,,X,Video,Desktop,Non-Skippable Video,Contextual,Day Parting,None,None,Gaming,,,NCM_NEVD_X_X_ASG_VID_DXX_PLWR_CPM_NSV_ROS_CT-DP-XX-XX_Gaming_X_1001-1231,Always On,X,NCM_NEVD_X_AON_PLWR_X_X,Nick Consumer Marketing,Lemoncello,N/A,Coming Soon,HenryDanger,01,Not Applicable,15s,10,01,10,02,NCM_NEVD_X_AON_CS_NCM-LMCL-X-HenryDanger_01_XX_15s_1001-1002,/?xid=crm_NCM_NEVD_X_PLWR
Nick Consumer Marketing,Nick Everyday,N/A,Tune-In,Q4,2017,10,01,,12,31,NCM_NEVD_X_TI_Q4_20171001-20171231,ASG,Battery Pop,CPM,Run of Channel/Section,X,NCM_NEVD_X_ASG_BYPP_CPM_ROC_X,,,X,Video,Connected TV,Non-Skippable Video,Contextual,Day Parting,None,None,RunOfChannelList,,,NCM_NEVD_X_X_ASG_VID_CXX_BYPP_CPM_NSV_ROC_CT-DP-XX-XX_RunOfChannelList_X_1001-1231,Always On,X,NCM_NEVD_X_AON_BYPP_X_X,Nick Consumer Marketing,Lemoncello,N/A,Coming Soon,X,01,Not Applicable,15s,10,01,10,02,NCM_NEVD_X_AON_CS_NCM-LMCL-X-X_01_XX_15s_1001-1002,/?xid=crm_NCM_NEVD_X_BYPP
Nick Consumer Marketing,Nick Everyday,N/A,Tune-In,Q4,2017,10,01,,12,31,NCM_NEVD_X_TI_Q4_20171001-20171231,ASG,Traction Labs,CPV (Cost per View),Run of Site,X,NCM_NEVD_X_ASG_TCLB_CPV_ROS_X,,,X,Video,Desktop,Non-Skippable Video,Contextual,Day Parting,None,None,Educ-Craft-Entertain-Lifestyle,,,NCM_NEVD_X_X_ASG_VID_DXX_TCLB_CPV_NSV_ROS_CT-DP-XX-XX_Educ-Craft-Entertain-Lifestyle_X_1001-1231,Always On,X,NCM_NEVD_X_AON_TCLB_X_X,Nick Consumer Marketing,Lemoncello,N/A,Coming Soon,X,01,Not Applicable,15s,10,01,10,02,NCM_NEVD_X_AON_CS_NCM-LMCL-X-X_01_XX_15s_1001-1002,/?xid=crm_NCM_NEVD_X_TCLB
Nick Consumer Marketing,Nick Everyday,N/A,Tune-In,Q4,2017,10,01,,12,31,NCM_NEVD_X_TI_Q4_20171001-20171231,ASG,CW,CPM,Run of Site,X,NCM_NEVD_X_ASG_TCWN_CPM_ROS_X,,,X,Video,Desktop/Mobile/Tablet,Non-Skippable Video,Contextual,Day Parting,None,None,RunOfShowList,,,NCM_NEVD_X_X_ASG_VID_DMT_TCWN_CPM_NSV_ROS_CT-DP-XX-XX_RunOfShowList_X_1001-1231,Always On,X,NCM_NEVD_X_AON_TCWN_X_X,Nick Consumer Marketing,Lemoncello,N/A,Coming Soon,X,01,Not Applicable,15s,10,01,10,02,NCM_NEVD_X_AON_CS_NCM-LMCL-X-X_01_XX_15s_1001-1002,/?xid=crm_NCM_NEVD_X_TCWN
Nick Consumer Marketing,Nick Everyday,N/A,Tune-In,Q4,2017,10,01,,12,31,NCM_NEVD_X_TI_Q4_20171001-20171231,ASG,YouTube,CPM,Run of Site,X,NCM_NEVD_X_ASG_YTBE_CPM_ROS_X,,,X,Video,Desktop/Mobile/Tablet,Non-Skippable Video,Behavioral,Contextual,Day Parting,None,Placement-KWs-Affinities,,,NCM_NEVD_X_X_ASG_VID_DMT_YTBE_CPM_NSV_ROS_BT-CT-DP-XX_Placement-KWs-Affinities_X_1001-1231,Always On,X,NCM_NEVD_X_AON_YTBE_X_X,Nick Consumer Marketing,Lemoncello,N/A,Coming Soon,X,01,Not Applicable,05s,10,01,10,02,NCM_NEVD_X_AON_CS_NCM-LMCL-X-X_01_XX_05s_1001-1002,/?xid=crm_NCM_NEVD_X_YTBE
Nick Consumer Marketing,Nick Everyday,N/A,Tune-In,Q4,2017,10,01,,12,31,NCM_NEVD_X_TI_Q4_20171001-20171231,ASG,FullScreen,CPM,Run of Channel/Section,X,NCM_NEVD_X_ASG_FSCN_CPM_ROC_X,,,X,Video,Desktop/Mobile/Tablet,Non-Skippable Video,Contextual,Day Parting,None,None,RunOfChannelList,,,NCM_NEVD_X_X_ASG_VID_DMT_FSCN_CPM_NSV_ROC_CT-DP-XX-XX_RunOfChannelList_X_1001-1231,Always On,X,NCM_NEVD_X_AON_FSCN_X_X,Nick Consumer Marketing,Lemoncello,N/A,Coming Soon,X,01,Not Applicable,15s,10,01,10,02,NCM_NEVD_X_AON_CS_NCM-LMCL-X-X_01_XX_15s_1001-1002,/?xid=crm_NCM_NEVD_X_FSCN
Nick Consumer Marketing,Dating Naked,N/A,Tune-In,Q4,2017,10,01,,12,31,NCM_DGNK_X_TI_Q4_20171001-20171231,ASG,Facebook,Dynamic CPV (Cost per View),Run of Site,X,NCM_DGNK_X_ASG_FCBK_DVW_ROS_X,,,X,Video,Desktop/Mobile/Tablet,Non-Skippable Video,Behavioral,Day Parting,None,None,NickCore-Affinity-Interest,,,NCM_DGNK_X_X_ASG_VID_DMT_FCBK_DVW_NSV_ROS_BT-DP-XX-XX_NickCore-Affinity-Interest_X_1001-1231,Always On,X,NCM_DGNK_X_AON_FCBK_X_X,Nick Consumer Marketing,Lemoncello,N/A,Coming Soon,X,01,Not Applicable,15s,10,01,10,02,NCM_DGNK_X_AON_CS_X_01_XX_15s_1001-1002,/?xid=crm_NCM_DGNK_X_FCBK
Nick Consumer Marketing,Nick Everyday,N/A,Tune-In,Q4,2017,11,27,,12,06,NCM_NEVD_X_TI_Q4_20171127-20171206,ASG,SkoolLive,Flat Fee,Run of Site,X,NCM_NEVD_X_ASG_SKLV_FLF_ROS_X,,,X,Video,Digital Billboard,Non-Skippable Video,Geographic,Day Parting,None,None,RunOfSchools,,,NCM_NEVD_X_X_ASG_VID_DBB_SKLV_FLF_NSV_ROS_GE-DP-XX-XX_RunOfSchools_X_1127-1206,Pre-Premiere,X,NCM_NEVD_X_PPR_SKLV_X_X,Nick Consumer Marketing,Lemoncello,N/A,OnDemand,X,01,Not Applicable,30s,11,27,01,03,NCM_NEVD_X_PPR_OD_NCM-LMCL-X-X_01_XX_30s_1127-0103,/?xid=crm_NCM_NEVD_X_SKLV
MTV,Teen Mum,S01,Tune-In,X,2017,10,04,2017,10,09,MTV_TNUK_S01_TI_X_20171004-20171009,ASG,Google Search,Dynamic CPC,Run of Site,X,MTV_TNUK_S01_ASG_GSRC_DCC_ROS_X,E01,E01,X,Search,Desktop/Mobile/Tablet,Text Link,Behavioral,None,None,None,X,1,1,MTV_TNUK_S01_E01-E01_ASG_SRC_DMT_GSRC_DCC_TXT_ROS_BT-XX-XX-XX_X_1x1_1004-1009,Pre-Premiere,MC-1004-1009,MTV_TNUK_S01_PPR_GSRC_1x1_MC-1004-1009,N/A,N/A,N/A,Multiple Creative Rotation (tracking pixel),Freefrom,01,Not Applicable,,10,08,10,09,MTV_TNUK_S01_PPR_MC_Freefrom_01_XX_1x1_1008-1009,/?xrs=crm_MTV_TNUK_S01_GSRC
Nick Consumer Marketing,Nick Everyday,N/A,Tune-In,Q4,2017,10,01,,12,31,NCM_NEVD_X_TI_Q4_20171001-20171231,ASG,Google Search,CPC,Run of Site,LSBS,NCM_NEVD_X_ASG_GSRC_CPC_ROS_LSBS,,,X,Search,Desktop/Mobile/Tablet,Text Link,Behavioral,None,Behavioral,None,Keyword,1,1,NCM_NEVD_X_X_ASG_SRC_DMT_GSRC_CPC_TXT_ROS_BT-XX-BT-XX_Keyword_1x1_1001-1231,Always On,LSBS-1003-1004,NCM_NEVD_X_AON_GSRC_1x1_LSBS-1003-1004,Nick Consumer Marketing,Loud House / Spongebob Halloween,N/A,Coming Soon,HalloweenOverview,01,Not Applicable,15s,10,12,10,12,NCM_NEVD_X_AON_CS_NCM-LHSP-X-HalloweenOverview_01_XX_1x1_1012-1012,/?xid=crm_NCM_NEVD_X_GSRC
Nick Consumer Marketing,Nick Everyday,N/A,Tune-In,Q4,2017,10,01,,12,31,NCM_NEVD_X_TI_Q4_20171001-20171231,ASG,SkoolLive,Flat Fee,Run of Network,X,NCM_NEVD_X_ASG_SKLV_FLF_RON_X,,,X,Video,Desktop/Mobile/Tablet,Skippable Video,Geographic,Day Parting,None,None,RunOfSchools,,,NCM_NEVD_X_X_ASG_VID_DMT_SKLV_FLF_SVD_RON_GE-DP-XX-XX_RunOfSchools_X_1001-1231,Always On,X,NCM_NEVD_X_AON_SKLV_X_X,Nick Consumer Marketing,Loud House / Spongebob Halloween,N/A,Coming Soon,X,01,Not Applicable,15s,10,14,10,15,NCM_NEVD_X_AON_CS_NCM-LHSP-X-X_01_XX_15s_1014-1015,/?xid=crm_NCM_NEVD_X_SKLV
Content Distribution,Pumpkin Spice Latte,N/A,Awareness,X,2017,10,17,2017,10,19,CDI_PSLX_X_AW_X_20171017-20171019,ASG,Pandora,CPM,Run of Site,Phase2,CDI_PSLX_X_ASG_PDRA_CPM_ROS_Phase2,,,X,Audio,Desktop/Mobile/Tablet,Custom,Demographic,None,None,None,Phase2-MultiV1,1,1,CDI_PSLX_X_X_ASG_AUD_DMT_PDRA_CPM_CTM_ROS_DM-XX-XX-XX_Phase2-MultiV1_1x1_1017-1019,Always On,Phase2-Audio-MultiV1,CDI_PSLX_X_AON_PDRA_1x1_Phase2-Audio-MultiV1,N/A,N/A,N/A,Now,Audio-MultiV1,02,Not Applicable,,10,17,10,19,CDI_PSLX_X_AON_NW_Audio-MultiV1_02_XX_1x1_1017-1019,/?xrs=crm_CDI_PSLX_X_PDRA
VH1,Martha & Snoop,S02,Tune-In,X,2017,10,13,2017,10,16,VH1_MASP_S02_TI_X_20171013-20171016,ASG,YouTube,Dynamic CPM,Run of Site,Bumpers,VH1_MASP_S02_ASG_YTBE_DCI_ROS_Bumpers,E01,E01,X,Video,Desktop/Mobile/Tablet,Non-Skippable Video,Behavioral,None,None,None,VMN1P-YTRemarketing-Keywords,1,1,VH1_MASP_S02_E01-E01_ASG_VID_DMT_YTBE_DCI_NSV_ROS_BT-XX-XX-XX_VMN1P-YTRemarketing-Keywords_X_1013-1016,Pre-Premiere,Bumpers,VH1_MASP_S02_PPR_YTBE_X_Bumpers,N/A,N/A,N/A,Tomorrow,X,01,Not Applicable,20s,10,15,10,15,VH1_MASP_S02_PPR_TM_X_01_XX_20s_1015-1015,/?xrs=crm_VH1_MASP_S02_YTBE
VH1,Scared Famous,S01,Tune-In,X,2017,10,13,2017,10,30,VH1_SCFM_S01_TI_X_20171013-20171030,ASG,YouTube,Dynamic CPM,Run of Site,Bumpers,VH1_SCFM_S01_ASG_YTBE_DCI_ROS_Bumpers,E01,E02,X,Video,Desktop/Mobile/Tablet,Non-Skippable Video,Behavioral,None,None,None,VMN-YTRemarketing-Keywords,1,1,VH1_SCFM_S01_E01-E02_ASG_VID_DMT_YTBE_DCI_NSV_ROS_BT-XX-XX-XX_VMN-YTRemarketing-Keywords_X_1013-1030,Pre-Premiere,Bumpers,VH1_SCFM_S01_PPR_YTBE_X_Bumpers,N/A,N/A,N/A,Tonight,X,01,Not Applicable,15s,10,13,10,30,VH1_SCFM_S01_PPR_TN_X_01_XX_15s_1013-1030,/?xrs=crm_VH1_SCFM_S01_YTBE
VH1,Black Ink Crew: Chicago,S3B,Tune-In,X,2017,10,16,2017,10,25,VH1_BICC_S3B_TI_X_20171016-20171025,ASG,Twitter,Value Add,Run of Site,X,VH1_BICC_S3B_ASG_TWTR_VAD_ROS_X,E01,E02,X,Video,Desktop/Mobile/Tablet,Non-Skippable Video,Behavioral,None,None,None,Handles-Keywords-TVTargeting,,,VH1_BICC_S3B_E01-E02_ASG_VID_DMT_TWTR_VAD_NSV_ROS_BT-XX-XX-XX_Handles-Keywords-TVTargeting_X_1016-1025,Pre-Premiere,X,VH1_BICC_S3B_PPR_TWTR_X_X,N/A,N/A,N/A,Now,X,01,Not Applicable,Live,10,16,10,16,VH1_BICC_S3B_PPR_NW_X_01_XX_Live_1016-1016,/?xrs=crm_VH1_BICC_S3B_TWTR
Nick Consumer Marketing,Loud House,S04,Tune-In,X,2017,10,21,2017,01,21,NCM_LDHS_S04_TI_X_20171021-20170121,ASG,Playwire,CPM,Run of Site,X,NCM_LDHS_S04_ASG_PLWR_CPM_ROS_X,,,X,Video,Desktop/Mobile/Tablet,Non-Skippable Video,Contextual,Day Parting,None,None,X,,,,Pre-Premiere,x,NCM_LDHS_S04_PPR_PLWR_X_x,Nick Consumer Marketing,Henry Danger,N/A,Coming Soon,Playwire,01,Not Applicable,10s,10,16,10,21,NCM_LDHS_S04_PPR_CS_Playwire_01_XX_10s_1016-1021,/?xid=crm_NCM_LDHS_S04_PLWR
Nick Retail,Ad Hoc,N/A,Product,HalloweenPiratePupsTarget,2017,10,23,2017,10,28,NKR_ADHC_X_PD_HalloweenPiratePupsTarget_20171023-20171028,ASG,Facebook,CPM,Run of Site,X,NKR_ADHC_X_ASG_FCBK_CPM_ROS_X,,,X,Video,Desktop/Mobile/Tablet,Non-Skippable Video,Demographic,None,None,None,ParentsWithKids2-5,,,NKR_ADHC_X_X_ASG_VID_DMT_FCBK_CPM_NSV_ROS_DM-XX-XX-XX_ParentsWithKids2-5_X_1023-1028,Consumer Product,X,NKR_ADHC_X_CRP_FCBK_X_X,N/A,N/A,N/A,Multiple Creative Rotation (tracking pixel),PawPatrolHalloweenTarget,01,Not Applicable,30s,10,23,10,28,NKR_ADHC_X_CRP_MC_PawPatrolHalloweenTarget_01_XX_30s_1023-1028,/?xid=crm_NKR_ADHC_X_FCBK
Rate My Professor ,Ratings Boost,N/A,Awareness,X,2017,10,30,2017,01,26,RMP_RTBT_X_AW_X_20171030-20170126,ASG,Facebook,Dynamic CPM,Run of Site,X,RMP_RTBT_X_ASG_FCBK_DCI_ROS_X,,,X,Social,Desktop/Mobile/Tablet,Static Image,Demographic,None,None,None,FB-Student-Status-School,1,1,RMP_RTBT_X_X_ASG_SOC_DMT_FCBK_DCI_IMG_ROS_DM-XX-XX-XX_FB-Student-Status-School_1x1_1030-0126,Social Boost,X,RMP_RTBT_X_SLB_FCBK_1x1_X,N/A,N/A,N/A,Multiple Creative Rotation (tracking pixel),X,01,Not Applicable,,10,30,01,26,RMP_RTBT_X_SLB_MC_X_01_XX_1x1_1030-0126,/?xrs=crm_RMP_RTBT_X_FCBK
VH1,Love & Hip Hop: New York,S08,Tune-In,X,2017,10,26,2017,11,06,VH1_LHHN_S08_TI_X_20171026-20171106,ASG,Google Search,Value Add,Run of Site,X,VH1_LHHN_S08_ASG_GSRC_VAD_ROS_X,E01,E02,X,Search,Desktop/Mobile/Tablet,Text Link,Behavioral,None,None,None,SearchKeywords,1,1,VH1_LHHN_S08_E01-E02_ASG_SRC_DMT_GSRC_VAD_TXT_ROS_BT-XX-XX-XX_SearchKeywords_1x1_1026-1106,Pre-Premiere,X,VH1_LHHN_S08_PPR_GSRC_1x1_X,N/A,N/A,N/A,Tonight,X,01,Not Applicable,30s,10,30,10,30,VH1_LHHN_S08_PPR_TN_X_01_XX_1x1_1030-1030,/?xrs=crm_VH1_LHHN_S08_GSRC
Nick Jr,Always On,N/A,Tune-In,Q4,2017,10,23,2017,12,31,NKJ_NJAO_X_TI_Q4_20171023-20171231,ASG,Google Search,Dynamic CPC,Run of Site,X,NKJ_NJAO_X_ASG_GSRC_DCC_ROS_X,,,X,Search,Desktop/Mobile/Tablet,Text Link,Behavioral,None,none,None,BrandedKW,1,1,NKJ_NJAO_X_X_ASG_SRC_DMT_GSRC_DCC_TXT_ROS_BT-XX-XX-XX_BrandedKW_1x1_1023-1231,Always On,NonBrand-SunnyDay-MC-1023-1103,NKJ_NJAO_X_AON_GSRC_1x1_NonBrand-SunnyDay-MC-1023-1103,N/A,N/A,N/A,Multiple Creative Rotation (tracking pixel),X,01,Not Applicable,,10,23,12,31,NKJ_NJAO_X_AON_MC_X_01_XX_1x1_1023-1231,/?xid=crm_NKJ_NJAO_X_GSRC
TV Land,Teachers,S2B,Tune-In,X,2017,11,07,2017,12,05,TVL_TCHS_S2B_TI_X_20171107-20171205,ASG,Facebook,Dynamic CPA,Run of Site,PotentialFans-FanAcq,TVL_TCHS_S2B_ASG_FCBK_DCA_ROS_PotentialFans-FanAcq,E01,E01,X,Social,Desktop/Mobile/Tablet,Non-Skippable Video,Behavioral,Demographic,None,None,PF-FanAcq-FBInt-FBPageLikers,,,TVL_TCHS_S2B_E01-E01_ASG_SOC_DMT_FCBK_DCA_NSV_ROS_BT-DM-XX-XX_PF-FanAcq-FBInt-FBPageLikers_X_1107-1205,Pre-Premiere,PF-FanAcq,TVL_TCHS_S2B_PPR_FCBK_X_PF-FanAcq,N/A,N/A,N/A,Multiple Creative Rotation (tracking pixel),X,01,Not Applicable,05s,11,05,12,04,TVL_TCHS_S2B_PPR_MC_X_01_XX_05s_1105-1204,/?xrs=crm_TVL_TCHS_S2B_FCBK
Nick Jr,12 Days of Nick Jr.,N/A,Social Acquisition,X,2017,11,06,,12,01,NKJ_12DS_X_AC_X_20171106-20171201,ASG,Twitter,Dynamic CPE (Cost per Engagement),Run of Site,X,NKJ_12DS_X_ASG_TWTR_DCE_ROS_X,,,X,Social,Desktop/Mobile/Tablet,Animated GIF,Behavioral,Demographic,None,None,PreLaunch,1080,1080,NKJ_12DS_X_X_ASG_SOC_DMT_TWTR_DCE_GIF_ROS_BT-DM-XX-XX_PreLaunch_1080x1080_1106-1201,Pre-Premiere,Pre-Launch,NKJ_12DS_X_PPR_TWTR_1080x1080_Pre-Launch,N/A,N/A,N/A,Sign Up,ParentsInterest,01,Not Applicable,,11,14,11,19,NKJ_12DS_X_PPR_SP_ParentsInterest_01_XX_1080x1080_1114-1119,/?xid=crm_NKJ_12DS_X_TWTR
MTV,Floribama Shore,S01,Tune-In,X,2017,11,01,,12,04,MTV_FBSH_S01_TI_X_20171101-20171204,ASG,YouTube,Dynamic CPV (Cost per View),Run of Site,X,MTV_FBSH_S01_ASG_YTBE_DVW_ROS_X,E08,E08,X,Video,Desktop/Mobile/Tablet,Skippable Video,Behavioral,None,None,None,Finale-VMN1P-YTKW,,,MTV_FBSH_S01_E08-E08_ASG_VID_DMT_YTBE_DVW_SVD_ROS_BT-XX-XX-XX_Finale-VMN1P-YTKW_X_1101-1204,Sustaining,Finale,MTV_FBSH_S01_SUS_YTBE_X_Finale,N/A,N/A,N/A,Tonight,Finale,01,Not Applicable,01m,01,08,01,08,MTV_FBSH_S01_SUS_TN_Finale_01_XX_01m_0108-0108,/?xrs=crm_MTV_FBSH_S01_YTBE
MTV,Teen Mom OG,S02,Tune-In,X,2017,11,22,2017,12,04,MTV_TMOG_S02_TI_X_20171122-20171204,ASG,DBM,Dynamic CPM,Run of Exchange,VMN1P-YTRM-KW-Samba,MTV_TMOG_S02_ASG_GDBM_DCI_ROE_VMN1P-YTRM-KW-Samba,E01,E02,X,Display Banner,Desktop/Mobile/Tablet,Static Image,Behavioral,None,None,None,VMN1P-YTRM-KW-Samba,300,250,MTV_TMOG_S02_E01-E02_ASG_DIS_DMT_GDBM_DCI_IMG_ROE_BT-XX-XX-XX_VMN1P-YTRM-KW-Samba_300x250_1122-1204,Pre-Premiere,X,MTV_TMOG_S02_PPR_GDBM_300x250_X,N/A,N/A,N/A,Monday,Hero,01,Not Applicable,,11,22,11,25,MTV_TMOG_S02_PPR_MO_Hero_01_XX_300x250_1122-1125,/?xrs=crm_MTV_TMOG_S02_GDBM
Nick Consumer Marketing,Nick Everyday,N/A,Tune-In,Q4,2017,10,01,,12,31,NCM_NEVD_X_TI_Q4_20171001-20171231,ASG,Battery Pop,CPM,Run of Site,X,NCM_NEVD_X_ASG_BYPP_CPM_ROS_X,,,X,Video,Desktop/Mobile/Tablet,Non-Skippable Video,Behavioral,None,None,None,X,,,NCM_NEVD_X_X_ASG_VID_DMT_BYPP_CPM_NSV_ROS_BT-XX-XX-XX_X_X_1001-1231,Social Boost,X,NCM_NEVD_X_SLB_BYPP_X_X,Nick Consumer Marketing,Sponge Bob Square Pants - You Bring The Color,N/A,This Week,X,01,Not Applicable,15s,11,05,11,08,NCM_NEVD_X_SLB_TW_NCM-SBYC-X-X_01_XX_15s_1105-1108,/?xid=crm_NCM_NEVD_X_BYPP
MTV,The Challenge: Champs Vs. Stars,N/A,Tune-In,X,2017,11,15,2017,12,05,MTV_CVSR_X_TI_X_20171115-20171205,ASG,Twitter,Dynamic CPV (Cost per View),Run of Site,X,MTV_CVSR_X_ASG_TWTR_DVW_ROS_X,E01,E03,X,Social,Desktop/Mobile/Tablet,Non-Skippable Video,Behavioral,None,None,None,Hshtg-KW-HDL-TVConvoTrgtg,,,MTV_CVSR_X_X_ASG_SOC_DMT_TWTR_DVW_NSV_ROS_BT-XX-XX-XX_Hshtg-KW-HDL-TVConvoTrgtg_X_1115-1205,Pre-Premiere,X,MTV_CVSR_X_PPR_TWTR_X_X,N/A,N/A,N/A,Tuesday,RiffRaff,01,Not Applicable,05s,11,17,11,19,MTV_CVSR_X_PPR_TU_RiffRaff_01_XX_05s_1117-1119,/?xrs=crm_MTV_CVSR_X_TWTR
Nick Publishing,Avatar,N/A,Product,ITunes,2017,11,13,2017,11,17,NKP_AVTR_X_PD_ITunes_20171113-20171117,ASG,Facebook,Dynamic CPV (Cost per View),Run of Site,X,NKP_AVTR_X_ASG_FCBK_DVW_ROS_X,,,X,Social,Desktop/Mobile/Tablet,Non-Skippable Video,Demographic,Behavioral,None,None,X,1,1,NKP_AVTR_X_X_ASG_SOC_DMT_FCBK_DVW_NSV_ROS_DM-BT-XX-XX_X_X_1113-1117,Consumer Product,X,NKP_AVTR_X_CRP_FCBK_X_X,N/A,N/A,N/A,Now,X,01,Not Applicable,15s,11,13,11,17,NKP_AVTR_X_CRP_NW_X_01_XX_15s_1113-1117,/?xid=crm_NKP_AVTR_X_FCBK
Nick Consumer Marketing,Hey Arnold,N/A,Tune-In,TGW,2017,11,19,2017,11,24,NCM_HYAD_X_TI_TGW_20171119-20171124,ASG,Twitter,Dynamic CPV (Cost per View),Run of Site,X,NCM_HYAD_X_ASG_TWTR_DVW_ROS_X,,,X,Social,Desktop/Mobile/Tablet,Non-Skippable Video,Behavioral,None,None,None,KW-HAshtgs-Flwr-TVComvrstnTrgt,,,NCM_HYAD_X_X_ASG_SOC_DMT_TWTR_DVW_NSV_ROS_BT-XX-XX-XX_KW-HAshtgs-Flwr-TVComvrstnTrgt_X_1119-1124,Pre-Premiere,X,NCM_HYAD_X_PPR_TWTR_X_X,N/A,N/A,N/A,Friday,X,01,Not Applicable,30s,11,22,11,22,NCM_HYAD_X_PPR_FR_X_01_XX_30s_1122-1122,/?xid=crm_NCM_HYAD_X_TWTR
Nick Consumer Marketing,Danger Games,N/A,Tune-In,X,2017,11,20,2017,11,26,NCM_DGGM_X_TI_X_20171120-20171126,ASG,Snapchat,CPM,Run of Site,X,NCM_DGGM_X_ASG_SNPC_CPM_ROS_X,,,TGW,Social,Desktop/Mobile/Tablet,Skippable Video,Behavioral,Demographic,Retargeting,None,1P-TKids-KCAVwrs-ComTV-Vwrshp,,,NCM_DGGM_X_TGW_ASG_SOC_DMT_SNPC_CPM_SVD_ROS_BT-DM-RT-XX_1P-TKids-KCAVwrs-ComTV-Vwrshp_X_1120-1126,Pre-Premiere,X,NCM_DGGM_X_PPR_SNPC_X_X,N/A,N/A,N/A,This Week,TGW,01,Not Applicable,30s,11,24,11,25,NCM_DGGM_X_PPR_TW_TGW_01_XX_30s_1124-1125,/?xid=crm_NCM_DGGM_X_SNPC
Nick Consumer Marketing,Halo Awards,Tentpole,Tune-In,X,2017,11,23,2017,11,26,NCM_HLAW_TPL_TI_X_20171123-20171126,ASG,Twitter,Dynamic CPE (Cost per Engagement),Run of Site,TGW,NCM_HLAW_TPL_ASG_TWTR_DCE_ROS_TGW,,,X,Social,Desktop/Mobile/Tablet,Static Image,Conquesting,None,None,None,Channel-List-TGW,1,1,NCM_HLAW_TPL_X_ASG_SOC_DMT_TWTR_DCE_IMG_ROS_CQ-XX-XX-XX_Channel-List-TGW_1x1_1123-1126,Pre-Premiere,X,NCM_HLAW_TPL_PPR_TWTR_1x1_X,N/A,N/A,N/A,Tonight,KellyClarkson-TGW,01,Not Applicable,,11,26,11,26,NCM_HLAW_TPL_PPR_TN_KellyClarkson-TGW_01_XX_1x1_1126-1126,/?xid=crm_NCM_HLAW_TPL_TWTR
Nick Retail,Ad Hoc,N/A,Product,ToysRUs,2017,11,15,2017,12,31,NKR_ADHC_X_PD_ToysRUs_20171115-20171231,ASG,Facebook,Dynamic CPC,Run of Site,X,NKR_ADHC_X_ASG_FCBK_DCC_ROS_X,,,X,Social,Desktop/Mobile/Tablet,Non-Skippable Video,Behavioral,Geographic,None,None,JoJoFans-ParentsK6-11-TexasGeo,,,NKR_ADHC_X_X_ASG_SOC_DMT_FCBK_DCC_NSV_ROS_BT-GE-XX-XX_JoJoFans-ParentsK6-11-TexasGeo_X_1115-1231,Consumer Product,JoJoFans-ParentsK6-11-TexasGeo,NKR_ADHC_X_CRP_FCBK_X_JoJoFans-ParentsK6-11-TexasGeo,N/A,N/A,N/A,Multiple Creative Rotation (tracking pixel),JoJoMyWorldDVD,01,Not Applicable,45s,11,21,11,25,NKR_ADHC_X_CRP_MC_JoJoMyWorldDVD_01_XX_45s_1121-1125,/?xid=crm_NKR_ADHC_X_FCBK
MTV,Wild 'n Out,S10,Tune-In,X,2017,11,27,2017,01,04,MTV_WDNO_S10_TI_X_20171127-20170104,ASG,Twitter,Dynamic CPV (Cost per View),Run of Site,X,MTV_WDNO_S10_ASG_TWTR_DVW_ROS_X,E01,E10,X,Social,Desktop/Mobile/Tablet,Non-Skippable Video,Behavioral,None,None,None,Handle-KW-HT-TVTargeting,,,MTV_WDNO_S10_E01-E10_ASG_SOC_DMT_TWTR_DVW_NSV_ROS_BT-XX-XX-XX_Handle-KW-HT-TVTargeting_X_1127-0104,Pre-Premiere,X,MTV_WDNO_S10_PPR_TWTR_X_X,N/A,N/A,N/A,Multiple Creative Rotation (tracking pixel),X,01,Not Applicable,15s,11,29,11,30,MTV_WDNO_S10_PPR_MC_X_01_XX_15s_1129-1130,/?xrs=crm_MTV_WDNO_S10_TWTR
VH1,Black Ink Crew,S06,Tune-In,X,2017,12,04,2017,12,13,VH1_BLIC_S06_TI_X_20171204-20171213,ASG,Complex,CPM,Run of Site,Instream,VH1_BLIC_S06_ASG_CMPX_CPM_ROS_Instream,E01,E02,X,Display Banner,Desktop/Mobile/Tablet,Social Mix,Behavioral,None,None,None,VMN1PRmkt-YTKeywordInterest,300,250,,Pre-Premiere,X,VH1_BLIC_S06_PPR_CMPX_300x250_X,N/A,N/A,N/A,Wednesday,X,01,Not Applicable,15s,12,04,12,04,,/?xrs=crm_VH1_BLIC_S06_CMPX
MTV,Ridiculousness/Amazingness,N/A,Tune-In,X,2017,12,04,2017,01,26,MTV_RDAZ_X_TI_X_20171204-20170126,ASG,Twitter,Dynamic CPV (Cost per View),Run of Site,X,MTV_RDAZ_X_ASG_TWTR_DVW_ROS_X,,,X,Social,Desktop/Mobile/Tablet,Non-Skippable Video,Behavioral,Demographic,None,None,KW-HT-FLWR-TVConvo-WL,,,MTV_RDAZ_X_X_ASG_SOC_DMT_TWTR_DVW_NSV_ROS_BT-DM-XX-XX_KW-HT-FLWR-TVConvo-WL_X_1204-0126,Pre-Premiere,X,MTV_RDAZ_X_PPR_TWTR_X_X,N/A,N/A,N/A,Tonight,X,01,Not Applicable,15s,12,08,12,08,MTV_RDAZ_X_PPR_TN_X_01_XX_15s_1208-1208,/?xrs=crm_MTV_RDAZ_X_TWTR
MTV,Ridiculousness/Amazingness,N/A,Tune-In,X,2017,12,04,2017,01,26,MTV_RDAZ_X_TI_X_20171204-20170126,ASG,Google Search,Dynamic CPC,Run of Site,X,MTV_RDAZ_X_ASG_GSRC_DCC_ROS_X,E01,E04,X,Search,Desktop/Mobile/Tablet,Text Link,Conquesting,None,None,None,Keywords,1,1,MTV_RDAZ_X_X_ASG_SRC_DMT_GSRC_DCC_TXT_ROS_CQ-XX-XX-XX_Keywords_1x1_1204-0126,Pre-Premiere,RIDIC,MTV_RDAZ_X_PPR_GSRC_1x1_RIDIC,N/A,N/A,N/A,,,,,,,,,,,/?xrs=crm_MTV_RDAZ_X_GSRC
CMT,Nashville,S6A,Tune-In,X,2017,01,01,2017,01,11,CMT_NASH_S6A_TI_X_20170101-20170111,ASG,Gemini,Dynamic CPM,Run of Exchange,X,CMT_NASH_S6A_ASG_GMNI_DCI_ROE_X,E01,E02,X,Video,Desktop/Mobile/Tablet,Non-Skippable Video,Behavioral,None,None,None,VMN1P-Yahoo-EML-Srch-IntData,,,CMT_NASH_S6A_E01-E02_ASG_VID_DMT_GMNI_DCI_NSV_ROE_BT-XX-XX-XX_VMN1P-Yahoo-EML-Srch-IntData_X_0101-0111,Pre-Premiere,X,CMT_NASH_S6A_PPR_GMNI_X_X,N/A,N/A,N/A,Now,X,01,Not Applicable,30s,01,01,01,02,CMT_NASH_S6A_PPR_NW_X_01_XX_30s_0101-0102,/?xrs=crm_CMT_NASH_S6A_GMNI
VH1,Love & Hip Hop: Miami,S01,Tune-In,X,2017,12,18,2017,01,08,VH1_LHHM_S01_TI_X_20171218-20170108,ASG,Google Search,Dynamic CPC,Run of Site,X,VH1_LHHM_S01_ASG_GSRC_DCC_ROS_X,E01,E02,X,Search,Desktop/Mobile/Tablet,Text Link,Conquesting,None,None,None,SearchKeywords,1,1,VH1_LHHM_S01_E01-E02_ASG_SRC_DMT_GSRC_DCC_TXT_ROS_CQ-XX-XX-XX_SearchKeywords_1x1_1218-0108,Pre-Premiere,Instream,VH1_LHHM_S01_PPR_GSRC_1x1_Instream,N/A,N/A,N/A,Monday,X,01,Not Applicable,30s,12,31,12,31,VH1_LHHM_S01_PPR_MO_X_01_XX_1x1_1231-1231,/?xrs=crm_VH1_LHHM_S01_GSRC
Comedy Central,Drunk History,S03,Tune-In,X,2017,01,22,2017,03,27,CCL_DKHT_S03_TI_X_20170122-20170327,ASG,Drawbridge,Dynamic CPM,Run of Exchange,X,CCL_DKHT_S03_ASG_DWBG_DCI_ROE_X,E01,E10,X,Display Banner,Desktop/Mobile/Tablet,Static Image,Behavioral,Demographic,None,None,VMN1P-YTRemarketing-CustAffin,300,250,CCL_DKHT_S03_E01-E10_ASG_DIS_DMT_DWBG_DCI_IMG_ROE_BT-DM-XX-XX_VMN1P-YTRemarketing-CustAffin_300x250_0122-0327,Pre-Premiere,X,CCL_DKHT_S03_PPR_DWBG_300x250_X,N/A,N/A,N/A,Tomorrow,X,01,Not Applicable,30s,01,22,03,27,CCL_DKHT_S03_PPR_TM_X_01_XX_300x250_0122-0327,/?xrs=crm_CCL_DKHT_S03_DWBG
MTV,Catfish,S7A,Tune-In,X,2017,12,14,2017,01,17,MTV_CTFH_S7A_TI_X_20171214-20170117,ASG,BrightRoll,Dynamic CPV (Cost per View),Run of Exchange,X,MTV_CTFH_S7A_ASG_BRRL_DVW_ROE_X,E01,E03,X,Display Banner,Desktop/Mobile/Tablet,Animated GIF,Behavioral,None,None,None,YahooEmailData,300,250,MTV_CTFH_S7A_E01-E03_ASG_DIS_DMT_BRRL_DVW_GIF_ROE_BT-XX-XX-XX_YahooEmailData_300x250_1214-0117,Pre-Premiere,X,MTV_CTFH_S7A_PPR_BRRL_300x250_X,N/A,N/A,N/A,Wednesday,X,01,Not Applicable,,12,28,01,01,MTV_CTFH_S7A_PPR_WE_X_01_XX_300x250_1228-0101,/?xrs=crm_MTV_CTFH_S7A_BRRL
Nick Consumer Marketing,Nick Everyday,N/A,Tune-In,X,2017,12,19,2017,12,25,NCM_NEVD_X_TI_X_20171219-20171225,ASG,Awesomeness TV,CPC,Run of Site,X,NCM_NEVD_X_ASG_AWTV_CPC_ROS_X,,,X,Display Banner,Desktop/Mobile/Tablet,Static Image,Contextual,None,None,None,PremiumSiteList-Keywords,300,250,NCM_NEVD_X_X_ASG_DIS_DMT_AWTV_CPC_IMG_ROS_CT-XX-XX-XX_PremiumSiteList-Keywords_300x250_1219-1225,Always On,X,NCM_NEVD_X_AON_AWTV_300x250_X,Nick Consumer Marketing,N/A,N/A,Now,PremiumSiteLIst-Kewords,01,Not Applicable,N/A,12,15,12,25,NCM_NEVD_X_AON_NW_NCM-XXXX-X-PremiumSiteLIst-Kewords_01_XX_300x250_1215-1225,/?xid=crm_NCM_NEVD_X_AWTV
Nick Consumer Marketing,Saturday Night Live Action,N/A,Tune-In,X,2017,01,02,2017,01,20,NCM_SNLA_X_TI_X_20170102-20170120,ASG,Snapchat,Dynamic CPM,Run of Site,Stories,NCM_SNLA_X_ASG_SNPC_DCI_ROS_Stories,E01,E03,X,Social,Mobile/Tablet,Skippable Video,Behavioral,Day Parting,Retargeting,None,Demo13-18-Via1P-SCREng-Aud-FGF,,,NCM_SNLA_X_X_ASG_SOC_MTX_SNPC_DCI_SVD_ROS_BT-DP-RT-XX_Demo13-18-Via1P-SCREng-Aud-FGF_X_0102-0120,Pre-Premiere,X,NCM_SNLA_X_PPR_SNPC_X_X,N/A,N/A,N/A,Coming Soon,NEVD-INCML,01,Not Applicable,15s,01,04,01,04,NCM_SNLA_X_PPR_CS_NEVD-INCML_01_XX_15s_0104-0104,/?xid=crm_NCM_SNLA_X_SNPC
Nick Consumer Marketing,Nick Everyday,N/A,Tune-In,Q1,2017,01,01,2017,03,31,NCM_NEVD_X_TI_Q1_20170101-20170331,ASG,Facebook,Dynamic CPM,Run of Site,X,NCM_NEVD_X_ASG_FCBK_DCI_ROS_X,,,X,Social,Desktop/Mobile/Tablet,Non-Skippable Video,Contextual,Day Parting,None,None,FMF-FTF-TTS-FF-TVFOS,,,NCM_NEVD_X_X_ASG_SOC_DMT_FCBK_DCI_NSV_ROS_CT-DP-XX-XX_FMF-FTF-TTS-FF-TVFOS_X_0101-0331,Always On,Inclusive,NCM_NEVD_X_AON_FCBK_X_Inclusive,Nick Consumer Marketing,Friday Nights,S01,Tomorrow,YT-Feb16,01,Not Applicable,15s,02,15,02,15,NCM_NEVD_X_AON_TM_NCM-FDNT-S01-YT-Feb16_01_XX_15s_0215-0215,/?xid=crm_NCM_NEVD_X_FCBK
MTV,The Challenge,S31,Tune-In,X,2017,12,29,2017,01,02,MTV_TCLG_S31_TI_X_20171229-20170102,ASG,Twitter,Dynamic CPV (Cost per View),Run of Site,X,MTV_TCLG_S31_ASG_TWTR_DVW_ROS_X,E01,E01,X,Social,Desktop/Mobile/Tablet,Non-Skippable Video,Behavioral,None,None,None,HL-KW-HT-TVTargeting,,,MTV_TCLG_S31_E01-E01_ASG_SOC_DMT_TWTR_DVW_NSV_ROS_BT-XX-XX-XX_HL-KW-HT-TVTargeting_X_1229-0102,Pre-Premiere,X,MTV_TCLG_S31_PPR_TWTR_X_X,N/A,N/A,N/A,Multiple Creative Rotation (tracking pixel),X,01,Not Applicable,30s,01,01,01,02,MTV_TCLG_S31_PPR_MC_X_01_XX_30s_0101-0102,/?xrs=crm_MTV_TCLG_S31_TWTR
Spike,Bellator,N/A,Ticket Sales,192-TicketSales,2017,01,05,2017,01,20,SPK_BLTR_X_TX_192-TicketSales_20170105-20170120,ASG,Facebook,Dynamic CPC,Run of Site,X,SPK_BLTR_X_ASG_FCBK_DCC_ROS_X,,,X,Social,Desktop/Mobile/Tablet,Static Image,Behavioral,None,none,None,VMN1P-Rmrktng-FBIntrstTrgt,1,1,SPK_BLTR_X_X_ASG_SOC_DMT_FCBK_DCC_IMG_ROS_BT-XX-XX-XX_VMN1P-Rmrktng-FBIntrstTrgt_1x1_0105-0120,Pre-Premiere,X,SPK_BLTR_X_PPR_FCBK_1x1_X,N/A,N/A,N/A,Tonight,LimaMacDonald,01,Not Applicable,,01,05,01,18,SPK_BLTR_X_PPR_TN_LimaMacDonald_01_XX_1x1_0105-0118,/?xrs=crm_SPK_BLTR_X_FCBK
MTV,Siesta Key,S1B,Tune-In,X,2017,01,04,2017,01,22,MTV_STKY_S1B_TI_X_20170104-20170122,ASG,DBM,Dynamic CPE (Cost per Engagement),Run of Exchange,Demo,MTV_STKY_S1B_ASG_GDBM_DCE_ROE_Demo,E01,E01,X,Video,Desktop/Mobile/Tablet,Non-Skippable Video,Behavioral,None,None,None,VMN1P-YTRM-Demo18-22YO-Travel,,,MTV_STKY_S1B_E01-E01_ASG_VID_DMT_GDBM_DCE_NSV_ROE_BT-XX-XX-XX_VMN1P-YTRM-Demo18-22YO-Travel_X_0104-0122,Pre-Premiere,X,MTV_STKY_S1B_PPR_GDBM_X_X,N/A,N/A,N/A,Monday,X,01,Not Applicable,30s,01,12,01,13,MTV_STKY_S1B_PPR_MO_X_01_XX_30s_0112-0113,/?xrs=crm_MTV_STKY_S1B_GDBM
Comedy Central,Corporate,S01,Tune-In,X,2017,01,01,2017,03,14,,ASG,TVadSync,Dynamic CPM,Run of Site,X,CCL_CORP_S01_ASG_TVAS_DCI_ROS_X,E01,E03,X,Display Banner,Desktop,Rich Media,Behavioral,None,None,None,DirecTVViewershipTargeting,300,250,CCL_CORP_S01_E01-E03_ASG_DIS_DXX_TVAS_DCI_RMD_ROS_BT-XX-XX-XX_DirecTVViewershipTargeting_300x250_0101-0314,Pre-Premiere,X,CCL_CORP_S01_PPR_TVAS_300x250_X,N/A,N/A,N/A,Day Date Time,X,01,Not Applicable,,01,01,01,15,CCL_CORP_S01_PPR_DT_X_01_XX_300x250_0101-0115,/?xrs=crm_CCL_CORP_S01_TVAS
BET,The Quad,S02,Tune-In,X,2017,01,05,2017,01,30,BET_QUAD_S02_TI_X_20170105-20170130,ASG,DBM,Dynamic CPM,Run of Exchange,E&D,BET_QUAD_S02_ASG_GDBM_DCI_ROE_E&D,E01,E02,X,Search,Desktop/Mobile/Tablet,Text Link,Behavioral,Geographic,None,None,E&D,,,,Pre-Premiere,30s,,N/A,N/A,N/A,Day Date Time,X,01,Not Applicable,30s,01,01,01,15,,/?cid=crm_BET_QUAD_S02_GDBM
Nick Jr,Sunny Day,N/A,Awareness,X,2018,01,11,2017,03,31,NKJ_SNDY_X_AW_X_20170111-20170331,ASG,Amazon,CPM,Custom Program,FireTablet,NKJ_SNDY_X_ASG_AMZN_CPM_CSP_FireTablet,,,X,Display Banner,Tablet,Custom,Behavioral,Look-a-like,Retargeting,Demographic,WakeScn-Girls2-6YO-K2-6YO,1,1,NKJ_SNDY_X_X_ASG_DIS_TXX_AMZN_CPM_CTM_CSP_BT-LL-RT-DM_WakeScn-Girls2-6YO-K2-6YO_1x1_0111-0331,Always On,WakeScn,NKJ_SNDY_X_AON_AMZN_1x1_WakeScn,N/A,N/A,N/A,Now,Fire-WakeScn,01,Not Applicable,,01,19,02,15,NKJ_SNDY_X_AON_NW_Fire-WakeScn_01_XX_1x1_0119-0215,/?xid=crm_NKJ_SNDY_X_AMZN
Spike,Ad Hoc,N/A,Awareness,GoodbyeSpike,2018,01,03,,01,05,SPK_ADHC_X_AW_GoodbyeSpike_20180103-20180105,ASG,Facebook,Dynamic CPV (Cost per View),Run of Site,X,SPK_ADHC_X_ASG_FCBK_DVW_ROS_X,,,X,Social,Desktop/Mobile/Tablet,Non-Skippable Video,Behavioral,None,None,None,DormantSpikeViewers,,,SPK_ADHC_X_X_ASG_SOC_DMT_FCBK_DVW_NSV_ROS_BT-XX-XX-XX_DormantSpikeViewers_X_0103-0105,Social Boost,AdvertisersMediaJournalists,SPK_ADHC_X_SLB_FCBK_X_AdvertisersMediaJournalists,N/A,N/A,N/A,Multiple Creative Rotation (tracking pixel),AdvertisersMediaJournalists,01,Not Applicable,02m,01,03,01,05,SPK_ADHC_X_SLB_MC_AdvertisersMediaJournalists_01_XX_02m_0103-0105,/?xrs=crm_SPK_ADHC_X_FCBK
Nick Consumer Marketing,Lip Sync Battle Shorties,S01,Tune-In,X,2018,01,09,2017,01,19,NCM_LSBS_S01_TI_X_20180109-20180119,ASG,FullScreen,CPM,Run of Site,X,NCM_LSBS_S01_ASG_FSCN_CPM_ROS_X,E01,E02,X,Video,Desktop/Mobile/Tablet,Non-Skippable Video,Contextual,Day Parting,None,None,Run-of-Channel-List,,,NCM_LSBS_S01_E01-E02_ASG_VID_DMT_FSCN_CPM_NSV_ROS_CT-DP-XX-XX_Run-of-Channel-List_X_0109-0119,Pre-Premiere,X,NCM_LSBS_S01_PPR_FSCN_X_X,N/A,N/A,N/A,Friday,Series,01,Not Applicable,15s,01,09,01,10,NCM_LSBS_S01_PPR_FR_Series_01_XX_15s_0109-0110,/?xid=crm_NCM_LSBS_S01_FSCN
Nick Consumer Marketing,Kid Danger,S01,Tune-In,X,2018,01,11,2017,01,15,NCM_KDDG_S01_TI_X_20180111-20180115,ASG,YouTube,Dynamic CPM,Run of Site,X,NCM_KDDG_S01_ASG_YTBE_DCI_ROS_X,E01,E01,X,Video,Desktop/Mobile/Tablet,Non-Skippable Video,Behavioral,Conquesting,Contextual,None,Keywords-Affinity,,,NCM_KDDG_S01_E01-E01_ASG_VID_DMT_YTBE_DCI_NSV_ROS_BT-CQ-CT-XX_Keywords-Affinity_X_0111-0115,Pre-Premiere,Bumpers,NCM_KDDG_S01_PPR_YTBE_X_Bumpers,N/A,N/A,N/A,Monday,X,01,Not Applicable,N/A,01,13,01,13,NCM_KDDG_S01_PPR_MO_X_01_XX_N/A_0113-0113,/?xid=crm_NCM_KDDG_S01_YTBE
Nick Consumer Marketing,Henry Danger,N/A,Tune-In,X,2018,01,17,2017,02,09,NCM_HYDG_X_TI_X_20180117-20180209,ASG,Facebook,Dynamic CPV (Cost per View),Run of Site,X,NCM_HYDG_X_ASG_FCBK_DVW_ROS_X,E01,E01,X,Video,Desktop/Mobile/Tablet,Non-Skippable Video,Behavioral,None,None,None,X,,,NCM_HYDG_X_X_ASG_VID_DMT_FCBK_DVW_NSV_ROS_BT-XX-XX-XX_X_X_0117-0209,Pre-Premiere,X,NCM_HYDG_X_PPR_FCBK_X_X,N/A,N/A,N/A,Monday,X,01,Not Applicable,15s,01,03,01,08,NCM_HYDG_X_PPR_MO_X_01_XX_15s_0103-0108,/?xid=crm_NCM_HYDG_X_FCBK
VH1,America's Next Top Model,S24,Tune-In,X,2018,01,08,2017,01,16,VH1_ANTM_S24_TI_X_20180108-20180116,ASG,YouTube,Dynamic CPV (Cost per View),Run of Site,Instream,VH1_ANTM_S24_ASG_YTBE_DVW_ROS_Instream,E01,E02,X,Video,Desktop/Mobile/Tablet,Skippable Video,Behavioral,None,None,None,VMN1P=YTRemarketing,,,VH1_ANTM_S24_E01-E02_ASG_VID_DMT_YTBE_DVW_SVD_ROS_BT-XX-XX-XX_VMN1P=YTRemarketing_X_0108-0116,Pre-Premiere,Instream,VH1_ANTM_S24_PPR_YTBE_X_Instream,N/A,N/A,N/A,Tonight,X,01,Not Applicable,30s,01,09,01,09,VH1_ANTM_S24_PPR_TN_X_01_XX_30s_0109-0109,/?xrs=crm_VH1_ANTM_S24_YTBE
Viacom,MTV-VH1 Critics Choice,N/A,Awareness,X,2018,01,17,2017,02,09,VIA_MVCC_X_AW_X_20180117-20180209,ASG,Facebook,Dynamic CPM,Run of Site,X,VIA_MVCC_X_ASG_FCBK_DCI_ROS_X,,,X,Social,Desktop/Mobile/Tablet,Static Image,Geographic,Behavioral,None,None,CriticChoiceInt-Emp-FBInt,1200,628,VIA_MVCC_X_X_ASG_SOC_DMT_FCBK_DCI_IMG_ROS_GE-BT-XX-XX_CriticChoiceInt-Emp-FBInt_1200x628_0117-0209,Social Boost,X,VIA_MVCC_X_SLB_FCBK_1200x628_X,MTV,Teen Mom OG,N/A,For Your Consideration,X,01,Not Applicable,,01,08,01,08,VIA_MVCC_X_SLB_FC_MTV-TMOG-X-X_01_XX_1200x628_0108-0108,/?xrs=crm_VIA_MVCC_X_FCBK
Nick Consumer Marketing,,N/A,Tune-In,X,2018,01,17,,02,09,,ASG,,,,,,,,,,,,,,,,,,,,,,,N/A,N/A,N/A,,,,,,,,,,,
Comedy Central,The Daily Show,N/A,Tune-In,2018,2018,01,09,2017,01,18,CCL_DLYS_X_TI_2018_20180109-20180118,ASG,DBM,Dynamic CPM,Run of Exchange,X,CCL_DLYS_X_ASG_GDBM_DCI_ROE_X,,,X,Video,Desktop/Mobile/Tablet,Non-Skippable Video,Behavioral,None,None,None,X,,,CCL_DLYS_X_X_ASG_VID_DMT_GDBM_DCI_NSV_ROE_BT-XX-XX-XX_X_X_0109-0118,Always On,X,CCL_DLYS_X_AON_GDBM_X_X,N/A,N/A,N/A,Tonight,X,01,Not Applicable,15s,01,09,01,18,CCL_DLYS_X_AON_TN_X_01_XX_15s_0109-0118,/?xrs=crm_CCL_DLYS_X_GDBM
Nick Jr,Always On,N/A,Awareness,Search,2018,01,10,2017,03,31,NKJ_NJAO_X_AW_Search_20180110-20180331,ASG,Google Search,Dynamic CPC,Run of Site,X,NKJ_NJAO_X_ASG_GSRC_DCC_ROS_X,,,X,Search,Desktop/Mobile/Tablet,Text Link,Behavioral,None,Behavioral,None,Keywords,1,1,NKJ_NJAO_X_X_ASG_SRC_DMT_GSRC_DCC_TXT_ROS_BT-XX-BT-XX_Keywords_1x1_0110-0331,Always On,0110-0331,NKJ_NJAO_X_AON_GSRC_1x1_0110-0331,N/A,N/A,N/A,Now,X,01,Not Applicable,,01,10,03,31,NKJ_NJAO_X_AON_NW_X_01_XX_1x1_0110-0331,/?xid=crm_NKJ_NJAO_X_GSRC
Nick Consumer Marketing,Friday Nights,N/A,Tune-In,X,2018,01,17,2017,02,09,NCM_FDNT_X_TI_X_20180117-20180209,ASG,Instagram,Dynamic CPV (Cost per View),Run of Site,X,NCM_FDNT_X_ASG_INGM_DVW_ROS_X,E01,E04,X,Social,Mobile/Tablet,Non-Skippable Video,Behavioral,Conquesting,None,None,NickCoreOwnCmpNetNickCmpLivAct,,,NCM_FDNT_X_X_ASG_SOC_MTX_INGM_DVW_NSV_ROS_BT-CQ-XX-XX_NickCoreOwnCmpNetNickCmpLivAct_X_0117-0209,Pre-Premiere,X,NCM_FDNT_X_PPR_INGM_X_X,N/A,N/A,N/A,Catch up,NEVD-INCML-KDDG,01,Not Applicable,20s,01,19,01,19,NCM_FDNT_X_PPR_CU_NEVD-INCML-KDDG_01_XX_20s_0119-0119,/?xid=crm_NCM_FDNT_X_INGM
Nick Consumer Marketing,,S02,Tune-In,X,2018,01,28,2017,02,20,,ASG,Snapchat,CPM,Run of Site,X,,E01,E09,X,Social,Mobile/Tablet,Skippable Video,Behavioral,Demographic,None,None,P13-17KdsFamTvVrwsTVNetVwrsDis,,,,Pre-Premiere,X,,N/A,N/A,N/A,Tomorrow,WWHN,01,Not Applicable,10s,01,20,01,28,,
VH1,RuPaul's All Star Drag Race,S03,Tune-In,X,2018,01,24,2017,02,01,VH1_RASR_S03_TI_X_20180124-20180201,ASG,DBM,Dynamic CPM,Run of Exchange,X,VH1_RASR_S03_ASG_GDBM_DCI_ROE_X,E01,E02,X,Display Banner,Desktop/Mobile/Tablet,Static Image,Behavioral,None,None,None,VMN1P-OandOData-TimeIncPMP,300,250,VH1_RASR_S03_E01-E02_ASG_DIS_DMT_GDBM_DCI_IMG_ROE_BT-XX-XX-XX_VMN1P-OandOData-TimeIncPMP_300x250_0124-0201,Pre-Premiere,X,VH1_RASR_S03_PPR_GDBM_300x250_X,N/A,N/A,N/A,Tomorrow,X,01,Not Applicable,,01,24,01,24,VH1_RASR_S03_PPR_TM_X_01_XX_300x250_0124-0124,/?xrs=crm_VH1_RASR_S03_GDBM
Comedy Central,Clusterfest,N/A,Ticket Sales,X,2018,02,01,2017,06,03,CCL_CLTF_X_TX_X_20180201-20180603,ASG,Facebook,CPC,Run of Site,X,CCL_CLTF_X_ASG_FCBK_CPC_ROS_X,,,X,Social,Desktop/Mobile/Tablet,Social Mix (both image and video),Behavioral,None,None,None,RM-ComedyFans-TalentFans-Broad,1,1,CCL_CLTF_X_X_ASG_SOC_DMT_FCBK_CPC_MIX_ROS_BT-XX-XX-XX_RM-ComedyFans-TalentFans-Broad_1x1_0201-0603,Always On,PreSale,CCL_CLTF_X_AON_FCBK_1x1_PreSale,N/A,N/A,N/A,Ticket Sales,Boosted-PreSale-Display,01,Not Applicable,N/A,02,01,02,12,CCL_CLTF_X_AON_TX_Boosted-PreSale-Display_01_XX_1x1_0201-0212,/?xrs=crm_CCL_CLTF_X_FCBK
Paramount Network,Bellator,N/A,Ticket Sales,194-TicketSales,2018,01,31,2017,02,16,PMN_BLTR_X_TX_194-TicketSales_20180131-20180216,ASG,Google Search,Dynamic CPC,Run of Exchange,X,PMN_BLTR_X_ASG_GSRC_DCC_ROE_X,,,X,Social,Desktop/Mobile/Tablet,Static Image,Behavioral,Geographic,None,None,VMN1P-FBInterestTgt,1,1,PMN_BLTR_X_X_ASG_SOC_DMT_GSRC_DCC_IMG_ROE_BT-GE-XX-XX_VMN1P-FBInterestTgt_1x1_0131-0216,Pre-Premiere,194-TcketSales-0131-0216,PMN_BLTR_X_PPR_GSRC_1x1_194-TcketSales-0131-0216,N/A,N/A,N/A,Multiple Creative Rotation (tracking pixel),X,01,Not Applicable,30s,01,31,02,16,PMN_BLTR_X_PPR_MC_X_01_XX_1x1_0131-0216,
Nick Consumer Marketing,Spongebob Musical ,N/A,Ticket Sales,Holiday,2018,02,05,2017,02,28,NCM_SPBM_X_TX_Holiday_20180205-20180228,ASG,DBM,Dynamic CPM,Run of Exchange,SBSPCore,NCM_SPBM_X_ASG_GDBM_DCI_ROE_SBSPCore,,,X,Video,Desktop/Mobile/Tablet,Non-Skippable Video,Behavioral,None,None,None,VMN1PVMN1PGglBWayThtrTixNYCDMA,,,NCM_SPBM_X_X_ASG_VID_DMT_GDBM_DCI_NSV_ROE_BT-XX-XX-XX_VMN1PVMN1PGglBWayThtrTixNYCDMA_X_0205-0228,Pre-Premiere,SBSPCore,NCM_SPBM_X_PPR_GDBM_X_SBSPCore,N/A,N/A,N/A,Ticket Sales,Fans,01,Not Applicable,30s,02,05,02,28,NCM_SPBM_X_PPR_TX_Fans_01_XX_30s_0205-0228,/?xid=crm_NCM_SPBM_X_GDBM
Nick Consumer Marketing,Teenage Mutant Ninja Turtles,S01,Tune-In,LiveStream,2018,02,01,2017,02,01,NCM_TMNT_S01_TI_LiveStream_20180201-20180201,ASG,Facebook,CPV (Cost per View),Run of Site,LiveStream,NCM_TMNT_S01_ASG_FCBK_CPV_ROS_LiveStream,,,X,Video,Desktop/Mobile/Tablet,Non-Skippable Video,Behavioral,None,None,None,TMNT-Fllwrs-Intrst-MovieIntrst,,,,Pre-Premiere,LiveStream,NCM_TMNT_S01_PPR_FCBK_X_LiveStream,N/A,N/A,N/A,Now,X,01,Not Applicable,Live,02,01,02,01,NCM_TMNT_S01_PPR_NW_X_01_XX_Live_0201-0201,/?xid=crm_NCM_TMNT_S01_FCBK
Paramount Network,Heathers,S01,Tune-In,X,2018,02,10,2017,03,10,PMN_HTRS_S01_TI_X_20180210-20180310,ASG,,,,,,,,,,,,,,,,,,,,,,,N/A,N/A,N/A,,,,,,,,,,,
BET,BET Experience,Tentpole,Ticket Sales,X,2018,02,05,2017,01,05,BET_BETX_TPL_TX_X_20180205-20180105,ASG,DBM,Dynamic CPE (Cost per Engagement),Run of Exchange,X,BET_BETX_TPL_ASG_GDBM_DCE_ROE_X,,,X,Display Banner,Desktop/Mobile/Tablet,Animated GIF,None,None,None,Behavioral,VIP,300,250,BET_BETX_TPL_X_ASG_DIS_DMT_GDBM_DCE_GIF_ROE_XX-XX-XX-BT_VIP_300x250_0205-0105,Pre-Premiere,X,BET_BETX_TPL_PPR_GDBM_300x250_X,N/A,N/A,N/A,Ticket Sales,Diamond,01,Not Applicable,,02,05,06,24,BET_BETX_TPL_PPR_TX_Diamond_01_XX_300x250_0205-0624,/?cid=crm_BET_BETX_TPL_GDBM
Nick Consumer Marketing,Nick Everyday,N/A,Product,X,2018,02,03,2017,04,03,NCM_NEVD_X_PD_X_20180203-20180403,ASG,Amazon,CPM,PMP,X,NCM_NEVD_X_ASG_AMZN_CPM_PMP_X,E02,E04,X,Display Banner,Desktop/Mobile/Tablet,Non-Skippable Video,Day Parting,None,None,None,X,300,250,NCM_NEVD_X_X_ASG_DIS_DMT_AMZN_CPM_NSV_PMP_DP-XX-XX-XX_X_X_0203-0403,Pre-Premiere,XX,NCM_NEVD_X_PPR_AMZN_X_XX,Nick Consumer Marketing,Game Shakers,N/A,Now,X,01,Not Applicable,30s,02,03,03,04,NCM_NEVD_X_PPR_NW_NCM-GMSH-X-X_01_XX_30s_0203-0304,/?xid=crm_NCM_NEVD_X_AMZN
Viacom,Trade,Tentpole,Binge,Terst,2018,03,03,2017,05,09,VIA_TRAD_TPL_BG_Terst_20180303-20180509,ASG,Adaptly,CPM,Run of Channel/Section,TEST,VIA_TRAD_TPL_ASG_ADPY_CPM_ROC_TEST,E04,E05,CCC,Display Banner,Desktop/Tablet/Connected TV,Responsive Static Image,Conquesting,Day Parting,Day Parting,Contextual,TEST,250,500,VIA_TRAD_TPL_CCC_ASG_DIS_DTC_ADPY_CPM_RSI_ROC_CQ-DP-DP-CT_TEST_250x500_0303-0509,Consumer Product,XX,VIA_TRAD_TPL_CRP_ADPY_250x500_XX,N/A,N/A,N/A,Day Date Time,XX,01,Creative,05s,02,09,06,03,,/?xrs=crm_VIA_TRAD_TPL_ADPY
Paramount Network,Heathers,N/A,Tune-In,X,2018,02,15,2017,02,19,PMN_HTRS_X_TI_X_20180215-20180219,ASG,Snapchat,Dynamic CPM,Run of Site,X,PMN_HTRS_X_ASG_SNPC_DCI_ROS_X,,,X,Social,Desktop/Mobile/Tablet,Non-Skippable Video,Behavioral,None,None,None,TView-YTKWIntrst-PlcmtTgtg-Aff,,,PMN_HTRS_X_X_ASG_SOC_DMT_SNPC_DCI_NSV_ROS_BT-XX-XX-XX_TView-YTKWIntrst-PlcmtTgtg-Aff_X_0215-0219,Pre-Premiere,TruView,PMN_HTRS_X_PPR_SNPC_X_TruView,N/A,N/A,N/A,Multiple Creative Rotation (tracking pixel),X,01,Not Applicable,15s,02,15,02,19,PMN_HTRS_X_PPR_MC_X_01_XX_15s_0215-0219,
Nick Consumer Marketing,Blurt,N/A,Tune-In,X,2018,02,12,2017,03,24,NCM_BLRT_X_TI_X_20180212-20180324,ASG,Facebook,Dynamic CPV (Cost per View),Run of Site,X,NCM_BLRT_X_ASG_FCBK_DVW_ROS_X,,,X,Social,Desktop/Mobile/Tablet,Non-Skippable Video,Behavioral,Day Parting,None,None,Co-Viewing,,,NCM_BLRT_X_X_ASG_SOC_DMT_FCBK_DVW_NSV_ROS_BT-DP-XX-XX_Co-Viewing_X_0212-0324,Pre-Premiere,Video,NCM_BLRT_X_PPR_FCBK_X_Video,Nick Consumer Marketing,Kids Choice Awards,N/A,Day Date Time,X,01,Not Applicable,01m,02,12,02,12,NCM_BLRT_X_PPR_DT_X_01_XX_01m_0212-0212,/?xid=crm_NCM_BLRT_X_FCBK
Nick Consumer Marketing,Kids Choice Awards,Tentpole,Tune-In,X,2018,02,12,2017,03,24,NCM_NKCA_TPL_TI_X_20180212-20180324,ASG,Instagram,Dynamic CPV (Cost per View),Run of Site,X,NCM_NKCA_TPL_ASG_INGM_DVW_ROS_X,,,X,Social,Mobile/Tablet,Non-Skippable Video,Behavioral,Day Parting,None,None,K6-14,,,NCM_NKCA_TPL_X_ASG_SOC_MTX_INGM_DVW_NSV_ROS_BT-DP-XX-XX_K6-14_X_0212-0324,Pre-Premiere,Video,NCM_NKCA_TPL_PPR_INGM_X_Video,Nick Consumer Marketing,Kids Choice Awards,N/A,Coming Soon,X,01,Not Applicable,30s,02,12,02,12,NCM_NKCA_TPL_PPR_CS_X_01_XX_30s_0212-0212,/?xid=crm_NCM_NKCA_TPL_INGM
Comedy Central,Clusterfest,N/A,Ticket Sales,X,2018,02,01,2017,06,03,CCL_CLTF_X_TX_X_20180201-20180603,ASG,DBM,CPM,Run of Site,X,CCL_CLTF_X_ASG_GDBM_CPM_ROS_X,,,X,Display Banner,Desktop/Mobile/Tablet,Static Image,None,None,None,None,X,300,250,CCL_CLTF_X_X_ASG_DIS_DMT_GDBM_CPM_IMG_ROS_XX-XX-XX-XX_X_300x250_0201-0603,Always On,X,CCL_CLTF_X_AON_GDBM_300x250_X,N/A,N/A,N/A,Ticket Sales,X,01,Not Applicable,,02,13,06,03,CCL_CLTF_X_AON_TX_X_01_XX_300x250_0213-0603,/?xrs=crm_CCL_CLTF_X_GDBM
