SEASON,SN ABBR,DATE ADDED,WHO ADDED
S00,S00,,
S01,S01,,
S1B,S1B,,
S02,S02,,
S03,S03,,
S04,S04,,
S05,S05,,
S06,S06,,
S6B,S6B,,
S07,S07,,
S08,S08,,
S09,S09,,
S9B,S9B,5/2/2017,JB
S9C,S9C,9/11/2017,mw
S10,S10,,
S11,S11,,
S12,S12,,
S13,S13,,
S14,S14,,
S15,S15,,
S16,S16,,
S17,S17,,
S18,S18,,
S19,S19,,
S20,S20,,
S21,S21,,
S22,S22,,
S23,S23,,
S24,S24,,
S25,S25,,
S26,S26,4/27/2017,JB
S27,S27,4/27/2017,JB
S28,S28,4/27/2017,JB
S29,S29,4/27/2017,JB
S30,S30,7/6/2017,GK
Tentpole,TPL,,
N/A,X,,